url,final_url,status,redirect_chain,title,meta_description,canonical,hreflang,robots_meta,h1,jsonld_blocks,jsonld,internal_links_count,internal_links,whatsapp_links,in_sitemap
https://visas.com.py/,https://visas.com.py/,200,,Visa americana desde Paraguay: requisitos y DS-160,"Requisitos, DS-160, arancel y entrevista de visa americana desde Paraguay. Enlaces oficiales y consultas por WhatsApp.",https://visas.com.py/,es=https://visas.com.py/ | en=https://visas.com.py/en/ | x-default=https://visas.com.py/,,"Tu visa americana, sin improvisar.",1,"[""{\""@context\"":\""https://schema.org\"",\""@graph\"":[{\""@type\"":\""Organization\"",\""@id\"":\""https://visas.com.py/#organization\"",\""name\"":\""visas.com.py\"",\""url\"":\""https://visas.com.py/\"",\""logo\"":\""https://visas.com.py/assets/img/favicon.svg?v=e13daab3a1\""},{\""@type\"":\""WebSite\"",\""@id\"":\""https://visas.com.py/#website\"",\""name\"":\""visas.com.py\"",\""url\"":\""https://visas.com.py/\"",\""inLanguage\"":\""es\"",\""publisher\"":{\""@id\"":\""https://visas.com.py/#organization\""}},{\""@type\"":\""BreadcrumbList\"",\""itemListElement\"":[{\""@type\"":\""ListItem\"",\""position\"":1,\""name\"":\""Inicio\"",\""item\"":\""https://visas.com.py/\""}]},{\""@type\"":\""FAQPage\"",\""mainEntity\"":[{\""@type\"":\""Question\"",\""name\"":\""¿Este sitio decide si me dan la visa?\"",\""acceptedAnswer\"":{\""@type\"":\""Answer\"",\""text\"":\""No. Es un sitio privado e independiente de información. La autoridad competente evalúa cada solicitud y decide el resultado.\""}},{\""@type\"":\""Question\"",\""name\"":\""¿Dónde encuentro las instrucciones del DS-160?\"",\""acceptedAnswer\"":{\""@type\"":\""Answer\"",\""text\"":\""La guía del DS-160 reúne pasos y enlaces oficiales. Leé cada pregunta y revisá tus datos antes de enviar. Si te queda una duda, podés consultar por WhatsApp.\""}},{\""@type\"":\""Question\"",\""name\"":\""¿Cómo puedo preparar la entrevista?\"",\""acceptedAnswer\"":{\""@type\"":\""Answer\"",\""text\"":\""Practicá explicar el viaje y tu situación con tus propias palabras. La guía de preguntas ayuda a ordenar esa práctica; no anticipa las preguntas exactas ni el resultado.\""}},{\""@type\"":\""Question\"",\""name\"":\""¿Qué puedo revisar después de una negativa?\"",\""acceptedAnswer\"":{\""@type\"":\""Answer\"",\""text\"":\""Leé la sección legal de la notificación. Si corresponde a 214(b), consultá la explicación oficial y qué cambió antes de presentar otra solicitud y pagar nuevamente.\""}},{\""@type\"":\""Question\"",\""name\"":\""¿Dónde confirmo el arancel y la cita?\"",\""acceptedAnswer\"":{\""@type\"":\""Answer\"",\""text\"":\""Confirmá el importe vigente en la página oficial de aranceles y accedé al sistema de citas desde el sitio de la embajada. Un pago a un tercero no sustituye el arancel consular.\""}}]}]}""]",32,https://visas.com.py/ | https://visas.com.py/visa-americana/ | https://visas.com.py/visa-americana/turista/ | https://visas.com.py/visa-americana/renovacion/ | https://visas.com.py/visa-americana/estudiante/ | https://visas.com.py/visa-americana/trabajo/ | https://visas.com.py/visa-americana/entrevista/ | https://visas.com.py/visa-americana/denegada/ | https://visas.com.py/visa-canada/ | https://visas.com.py/visa-espana/ | https://visas.com.py/visa-australia/ | https://visas.com.py/work-and-travel/ | https://visas.com.py/residencia-en-paraguay/ | https://visas.com.py/residencia-en-paraguay/permanente/ | https://visas.com.py/residencia-en-paraguay/temporal/ | https://visas.com.py/residencia-en-paraguay/requisitos/ | https://visas.com.py/en/residency-in-paraguay/ | https://visas.com.py/guias/ | https://visas.com.py/guias/requisitos-visa-americana-paraguay/ | https://visas.com.py/guias/como-llenar-el-ds-160/ | https://visas.com.py/guias/preguntas-entrevista-visa-americana/ | https://visas.com.py/guias/visa-americana-denegada-214b/ | https://visas.com.py/guias/embajada-de-estados-unidos-en-paraguay/ | https://visas.com.py/guias/migraciones-paraguay/ | https://visas.com.py/guias/cuanto-cuesta-la-visa-americana/ | https://visas.com.py/guias/requisitos-para-viajar-a-espana-desde-paraguay/ | https://visas.com.py/guias/checklist-visa-americana/ | https://visas.com.py/contacto/ | https://visas.com.py/en/ | https://visas.com.py/nosotros/ | https://visas.com.py/preguntas-frecuentes/ | https://visas.com.py/privacidad/,13,True
https://visas.com.py/contacto/,https://visas.com.py/contacto/,200,,Contacto · visas.com.py,Contanos qué visa necesitás. Dejanos tu número o escribinos por WhatsApp para conversar sobre tu caso desde Paraguay.,https://visas.com.py/contacto/,es=https://visas.com.py/contacto/ | en=https://visas.com.py/en/contact/ | x-default=https://visas.com.py/contacto/,,Contanos adónde querés ir.,1,"[""{\""@context\"":\""https://schema.org\"",\""@graph\"":[{\""@type\"":\""Organization\"",\""@id\"":\""https://visas.com.py/#organization\"",\""name\"":\""visas.com.py\"",\""url\"":\""https://visas.com.py/\"",\""logo\"":\""https://visas.com.py/assets/img/favicon.svg?v=e13daab3a1\""},{\""@type\"":\""BreadcrumbList\"",\""itemListElement\"":[{\""@type\"":\""ListItem\"",\""position\"":1,\""name\"":\""Inicio\"",\""item\"":\""https://visas.com.py/\""},{\""@type\"":\""ListItem\"",\""position\"":2,\""name\"":\""Contacto\"",\""item\"":\""https://visas.com.py/contacto/\""}]}]}""]",32,https://visas.com.py/contacto/ | https://visas.com.py/ | https://visas.com.py/visa-americana/ | https://visas.com.py/visa-americana/turista/ | https://visas.com.py/visa-americana/renovacion/ | https://visas.com.py/visa-americana/estudiante/ | https://visas.com.py/visa-americana/trabajo/ | https://visas.com.py/visa-americana/entrevista/ | https://visas.com.py/visa-americana/denegada/ | https://visas.com.py/visa-canada/ | https://visas.com.py/visa-espana/ | https://visas.com.py/visa-australia/ | https://visas.com.py/work-and-travel/ | https://visas.com.py/residencia-en-paraguay/ | https://visas.com.py/residencia-en-paraguay/permanente/ | https://visas.com.py/residencia-en-paraguay/temporal/ | https://visas.com.py/residencia-en-paraguay/requisitos/ | https://visas.com.py/en/residency-in-paraguay/ | https://visas.com.py/guias/ | https://visas.com.py/guias/requisitos-visa-americana-paraguay/ | https://visas.com.py/guias/como-llenar-el-ds-160/ | https://visas.com.py/guias/preguntas-entrevista-visa-americana/ | https://visas.com.py/guias/visa-americana-denegada-214b/ | https://visas.com.py/guias/embajada-de-estados-unidos-en-paraguay/ | https://visas.com.py/guias/migraciones-paraguay/ | https://visas.com.py/guias/cuanto-cuesta-la-visa-americana/ | https://visas.com.py/guias/requisitos-para-viajar-a-espana-desde-paraguay/ | https://visas.com.py/guias/checklist-visa-americana/ | https://visas.com.py/en/ | https://visas.com.py/privacidad/ | https://visas.com.py/preguntas-frecuentes/ | https://visas.com.py/nosotros/,5,True
https://visas.com.py/privacidad/,https://visas.com.py/privacidad/,200,,Privacidad de tu consulta | visas.com.py,Conocé cómo usamos los datos que compartís con visas.com.py para responder tu consulta sobre visas y residencia.,https://visas.com.py/privacidad/,es=https://visas.com.py/privacidad/ | en=https://visas.com.py/en/privacy/ | x-default=https://visas.com.py/privacidad/,,Privacidad de tu consulta.,1,"[""{\""@context\"":\""https://schema.org\"",\""@graph\"":[{\""@type\"":\""Organization\"",\""@id\"":\""https://visas.com.py/#organization\"",\""name\"":\""visas.com.py\"",\""url\"":\""https://visas.com.py/\"",\""logo\"":\""https://visas.com.py/assets/img/favicon.svg?v=e13daab3a1\""},{\""@type\"":\""BreadcrumbList\"",\""itemListElement\"":[{\""@type\"":\""ListItem\"",\""position\"":1,\""name\"":\""Inicio\"",\""item\"":\""https://visas.com.py/\""},{\""@type\"":\""ListItem\"",\""position\"":2,\""name\"":\""Privacidad\"",\""item\"":\""https://visas.com.py/privacidad/\""}]}]}""]",32,https://visas.com.py/privacidad/ | https://visas.com.py/ | https://visas.com.py/visa-americana/ | https://visas.com.py/visa-americana/turista/ | https://visas.com.py/visa-americana/renovacion/ | https://visas.com.py/visa-americana/estudiante/ | https://visas.com.py/visa-americana/trabajo/ | https://visas.com.py/visa-americana/entrevista/ | https://visas.com.py/visa-americana/denegada/ | https://visas.com.py/visa-canada/ | https://visas.com.py/visa-espana/ | https://visas.com.py/visa-australia/ | https://visas.com.py/work-and-travel/ | https://visas.com.py/residencia-en-paraguay/ | https://visas.com.py/residencia-en-paraguay/permanente/ | https://visas.com.py/residencia-en-paraguay/temporal/ | https://visas.com.py/residencia-en-paraguay/requisitos/ | https://visas.com.py/en/residency-in-paraguay/ | https://visas.com.py/guias/ | https://visas.com.py/guias/requisitos-visa-americana-paraguay/ | https://visas.com.py/guias/como-llenar-el-ds-160/ | https://visas.com.py/guias/preguntas-entrevista-visa-americana/ | https://visas.com.py/guias/visa-americana-denegada-214b/ | https://visas.com.py/guias/embajada-de-estados-unidos-en-paraguay/ | https://visas.com.py/guias/migraciones-paraguay/ | https://visas.com.py/guias/cuanto-cuesta-la-visa-americana/ | https://visas.com.py/guias/requisitos-para-viajar-a-espana-desde-paraguay/ | https://visas.com.py/guias/checklist-visa-americana/ | https://visas.com.py/contacto/ | https://visas.com.py/en/ | https://visas.com.py/preguntas-frecuentes/ | https://visas.com.py/nosotros/,4,True
https://visas.com.py/visa-canada/,https://visas.com.py/visa-canada/,200,,Visa Canadá desde Paraguay | Información,Una visita y un proyecto de estudios tienen requisitos distintos.,https://visas.com.py/visa-canada/,es=https://visas.com.py/visa-canada/ | en=https://visas.com.py/en/canada-visa-from-paraguay/ | x-default=https://visas.com.py/visa-canada/,,Visa para Canadá desde Paraguay: ordená tu solicitud,1,"[""{\""@context\"":\""https://schema.org\"",\""@graph\"":[{\""@type\"":\""Organization\"",\""@id\"":\""https://visas.com.py/#organization\"",\""name\"":\""visas.com.py\"",\""url\"":\""https://visas.com.py/\"",\""logo\"":\""https://visas.com.py/assets/img/favicon.svg?v=e13daab3a1\""},{\""@type\"":\""BreadcrumbList\"",\""itemListElement\"":[{\""@type\"":\""ListItem\"",\""position\"":1,\""name\"":\""Inicio\"",\""item\"":\""https://visas.com.py/\""},{\""@type\"":\""ListItem\"",\""position\"":2,\""name\"":\""Visa para Canadá\"",\""item\"":\""https://visas.com.py/visa-canada/\""}]},{\""@type\"":\""FAQPage\"",\""mainEntity\"":[{\""@type\"":\""Question\"",\""name\"":\""¿Este sitio gestiona mi solicitud?\"",\""acceptedAnswer\"":{\""@type\"":\""Answer\"",\""text\"":\""No. Este es un sitio independiente de información con enlaces oficiales. La solicitud y las decisiones corresponden a las autoridades competentes.\""}},{\""@type\"":\""Question\"",\""name\"":\""¿Cómo puedo hacer una consulta?\"",\""acceptedAnswer\"":{\""@type\"":\""Answer\"",\""text\"":\""Escribí por WhatsApp con tu destino y una consulta general. No envíes pasaportes, contraseñas ni datos de pago.\""}}]},{\""@type\"":\""WebPage\"",\""name\"":\""Visa para Canadá desde Paraguay: ordená tu solicitud\"",\""description\"":\""Una visita y un proyecto de estudios tienen requisitos distintos.\"",\""url\"":\""https://visas.com.py/visa-canada/\"",\""inLanguage\"":\""es\""}]}""]",32,https://visas.com.py/visa-canada/ | https://visas.com.py/ | https://visas.com.py/visa-americana/ | https://visas.com.py/visa-americana/turista/ | https://visas.com.py/visa-americana/renovacion/ | https://visas.com.py/visa-americana/estudiante/ | https://visas.com.py/visa-americana/trabajo/ | https://visas.com.py/visa-americana/entrevista/ | https://visas.com.py/visa-americana/denegada/ | https://visas.com.py/visa-espana/ | https://visas.com.py/visa-australia/ | https://visas.com.py/work-and-travel/ | https://visas.com.py/residencia-en-paraguay/ | https://visas.com.py/residencia-en-paraguay/permanente/ | https://visas.com.py/residencia-en-paraguay/temporal/ | https://visas.com.py/residencia-en-paraguay/requisitos/ | https://visas.com.py/en/residency-in-paraguay/ | https://visas.com.py/guias/ | https://visas.com.py/guias/requisitos-visa-americana-paraguay/ | https://visas.com.py/guias/como-llenar-el-ds-160/ | https://visas.com.py/guias/preguntas-entrevista-visa-americana/ | https://visas.com.py/guias/visa-americana-denegada-214b/ | https://visas.com.py/guias/embajada-de-estados-unidos-en-paraguay/ | https://visas.com.py/guias/migraciones-paraguay/ | https://visas.com.py/guias/cuanto-cuesta-la-visa-americana/ | https://visas.com.py/guias/requisitos-para-viajar-a-espana-desde-paraguay/ | https://visas.com.py/guias/checklist-visa-americana/ | https://visas.com.py/contacto/ | https://visas.com.py/en/ | https://visas.com.py/preguntas-frecuentes/ | https://visas.com.py/nosotros/ | https://visas.com.py/privacidad/,6,True
https://visas.com.py/residencia-en-paraguay/,https://visas.com.py/residencia-en-paraguay/,200,,Residencia en Paraguay para extranjeros | Información,Ubicá las instrucciones de Migraciones para tu proyecto de mudanza a Paraguay..,https://visas.com.py/residencia-en-paraguay/,es=https://visas.com.py/residencia-en-paraguay/ | en=https://visas.com.py/en/residency-in-paraguay/ | x-default=https://visas.com.py/residencia-en-paraguay/,,Residencia en Paraguay para extranjeros: empezá con orden,1,"[""{\""@context\"":\""https://schema.org\"",\""@graph\"":[{\""@type\"":\""Organization\"",\""@id\"":\""https://visas.com.py/#organization\"",\""name\"":\""visas.com.py\"",\""url\"":\""https://visas.com.py/\"",\""logo\"":\""https://visas.com.py/assets/img/favicon.svg?v=e13daab3a1\""},{\""@type\"":\""BreadcrumbList\"",\""itemListElement\"":[{\""@type\"":\""ListItem\"",\""position\"":1,\""name\"":\""Inicio\"",\""item\"":\""https://visas.com.py/\""},{\""@type\"":\""ListItem\"",\""position\"":2,\""name\"":\""Residencia en Paraguay\"",\""item\"":\""https://visas.com.py/residencia-en-paraguay/\""}]},{\""@type\"":\""FAQPage\"",\""mainEntity\"":[{\""@type\"":\""Question\"",\""name\"":\""¿Este sitio gestiona mi solicitud?\"",\""acceptedAnswer\"":{\""@type\"":\""Answer\"",\""text\"":\""No. Este es un sitio independiente de información con enlaces oficiales. La solicitud y las decisiones corresponden a las autoridades competentes.\""}},{\""@type\"":\""Question\"",\""name\"":\""¿Cómo puedo hacer una consulta?\"",\""acceptedAnswer\"":{\""@type\"":\""Answer\"",\""text\"":\""Escribí por WhatsApp con tu destino y una consulta general. No envíes pasaportes, contraseñas ni datos de pago.\""}}]},{\""@type\"":\""WebPage\"",\""name\"":\""Residencia en Paraguay para extranjeros: empezá con orden\"",\""description\"":\""Ubicá las instrucciones de Migraciones para tu proyecto de mudanza a Paraguay..\"",\""url\"":\""https://visas.com.py/residencia-en-paraguay/\"",\""inLanguage\"":\""es\""}]}""]",32,https://visas.com.py/residencia-en-paraguay/ | https://visas.com.py/ | https://visas.com.py/visa-americana/ | https://visas.com.py/visa-americana/turista/ | https://visas.com.py/visa-americana/renovacion/ | https://visas.com.py/visa-americana/estudiante/ | https://visas.com.py/visa-americana/trabajo/ | https://visas.com.py/visa-americana/entrevista/ | https://visas.com.py/visa-americana/denegada/ | https://visas.com.py/visa-canada/ | https://visas.com.py/visa-espana/ | https://visas.com.py/visa-australia/ | https://visas.com.py/work-and-travel/ | https://visas.com.py/residencia-en-paraguay/permanente/ | https://visas.com.py/residencia-en-paraguay/temporal/ | https://visas.com.py/residencia-en-paraguay/requisitos/ | https://visas.com.py/en/residency-in-paraguay/ | https://visas.com.py/guias/ | https://visas.com.py/guias/requisitos-visa-americana-paraguay/ | https://visas.com.py/guias/como-llenar-el-ds-160/ | https://visas.com.py/guias/preguntas-entrevista-visa-americana/ | https://visas.com.py/guias/visa-americana-denegada-214b/ | https://visas.com.py/guias/embajada-de-estados-unidos-en-paraguay/ | https://visas.com.py/guias/migraciones-paraguay/ | https://visas.com.py/guias/cuanto-cuesta-la-visa-americana/ | https://visas.com.py/guias/requisitos-para-viajar-a-espana-desde-paraguay/ | https://visas.com.py/guias/checklist-visa-americana/ | https://visas.com.py/contacto/ | https://visas.com.py/en/ | https://visas.com.py/preguntas-frecuentes/ | https://visas.com.py/nosotros/ | https://visas.com.py/privacidad/,6,True
https://visas.com.py/visa-americana/turista/,https://visas.com.py/visa-americana/turista/,200,,Visa de turista a Estados Unidos desde Paraguay,"Qué pide una B1/B2 desde Paraguay: DS-160, arancel, cita y entrevista, con enlaces oficiales..",https://visas.com.py/visa-americana/turista/,es=https://visas.com.py/visa-americana/turista/ | en=https://visas.com.py/en/us-visa-from-paraguay/ | x-default=https://visas.com.py/visa-americana/turista/,,Visa de turista para Estados Unidos: requisitos y preparación,1,"[""{\""@context\"":\""https://schema.org\"",\""@graph\"":[{\""@type\"":\""Organization\"",\""@id\"":\""https://visas.com.py/#organization\"",\""name\"":\""visas.com.py\"",\""url\"":\""https://visas.com.py/\"",\""logo\"":\""https://visas.com.py/assets/img/favicon.svg?v=e13daab3a1\""},{\""@type\"":\""BreadcrumbList\"",\""itemListElement\"":[{\""@type\"":\""ListItem\"",\""position\"":1,\""name\"":\""Inicio\"",\""item\"":\""https://visas.com.py/\""},{\""@type\"":\""ListItem\"",\""position\"":2,\""name\"":\""Visa americana\"",\""item\"":\""https://visas.com.py/visa-americana/\""},{\""@type\"":\""ListItem\"",\""position\"":3,\""name\"":\""Visa de turista\"",\""item\"":\""https://visas.com.py/visa-americana/turista/\""}]},{\""@type\"":\""FAQPage\"",\""mainEntity\"":[{\""@type\"":\""Question\"",\""name\"":\""¿Este sitio gestiona mi solicitud?\"",\""acceptedAnswer\"":{\""@type\"":\""Answer\"",\""text\"":\""No. Este es un sitio independiente de información con enlaces oficiales. La solicitud y las decisiones corresponden a las autoridades competentes.\""}},{\""@type\"":\""Question\"",\""name\"":\""¿Cómo puedo hacer una consulta?\"",\""acceptedAnswer\"":{\""@type\"":\""Answer\"",\""text\"":\""Escribí por WhatsApp con tu destino y una consulta general. No envíes pasaportes, contraseñas ni datos de pago.\""}}]},{\""@type\"":\""WebPage\"",\""name\"":\""Visa de turista para Estados Unidos: requisitos y preparación\"",\""description\"":\""Qué pide una B1/B2 desde Paraguay: DS-160, arancel, cita y entrevista, con enlaces oficiales..\"",\""url\"":\""https://visas.com.py/visa-americana/turista/\"",\""inLanguage\"":\""es\""}]}""]",32,https://visas.com.py/visa-americana/turista/ | https://visas.com.py/ | https://visas.com.py/visa-americana/ | https://visas.com.py/visa-americana/renovacion/ | https://visas.com.py/visa-americana/estudiante/ | https://visas.com.py/visa-americana/trabajo/ | https://visas.com.py/visa-americana/entrevista/ | https://visas.com.py/visa-americana/denegada/ | https://visas.com.py/visa-canada/ | https://visas.com.py/visa-espana/ | https://visas.com.py/visa-australia/ | https://visas.com.py/work-and-travel/ | https://visas.com.py/residencia-en-paraguay/ | https://visas.com.py/residencia-en-paraguay/permanente/ | https://visas.com.py/residencia-en-paraguay/temporal/ | https://visas.com.py/residencia-en-paraguay/requisitos/ | https://visas.com.py/en/residency-in-paraguay/ | https://visas.com.py/guias/ | https://visas.com.py/guias/requisitos-visa-americana-paraguay/ | https://visas.com.py/guias/como-llenar-el-ds-160/ | https://visas.com.py/guias/preguntas-entrevista-visa-americana/ | https://visas.com.py/guias/visa-americana-denegada-214b/ | https://visas.com.py/guias/embajada-de-estados-unidos-en-paraguay/ | https://visas.com.py/guias/migraciones-paraguay/ | https://visas.com.py/guias/cuanto-cuesta-la-visa-americana/ | https://visas.com.py/guias/requisitos-para-viajar-a-espana-desde-paraguay/ | https://visas.com.py/guias/checklist-visa-americana/ | https://visas.com.py/contacto/ | https://visas.com.py/en/ | https://visas.com.py/preguntas-frecuentes/ | https://visas.com.py/nosotros/ | https://visas.com.py/privacidad/,6,True
https://visas.com.py/visa-americana/renovacion/,https://visas.com.py/visa-americana/renovacion/,200,,Renovar visa americana desde Paraguay,"Revisá tu visa anterior, tus datos actuales y las instrucciones para renovar desde Paraguay..",https://visas.com.py/visa-americana/renovacion/,,,"Renovar visa americana en Paraguay, con tus datos al día",1,"[""{\""@context\"":\""https://schema.org\"",\""@graph\"":[{\""@type\"":\""Organization\"",\""@id\"":\""https://visas.com.py/#organization\"",\""name\"":\""visas.com.py\"",\""url\"":\""https://visas.com.py/\"",\""logo\"":\""https://visas.com.py/assets/img/favicon.svg?v=e13daab3a1\""},{\""@type\"":\""BreadcrumbList\"",\""itemListElement\"":[{\""@type\"":\""ListItem\"",\""position\"":1,\""name\"":\""Inicio\"",\""item\"":\""https://visas.com.py/\""},{\""@type\"":\""ListItem\"",\""position\"":2,\""name\"":\""Visa americana\"",\""item\"":\""https://visas.com.py/visa-americana/\""},{\""@type\"":\""ListItem\"",\""position\"":3,\""name\"":\""Renovación de visa\"",\""item\"":\""https://visas.com.py/visa-americana/renovacion/\""}]},{\""@type\"":\""FAQPage\"",\""mainEntity\"":[{\""@type\"":\""Question\"",\""name\"":\""¿Este sitio gestiona mi solicitud?\"",\""acceptedAnswer\"":{\""@type\"":\""Answer\"",\""text\"":\""No. Este es un sitio independiente de información con enlaces oficiales. La solicitud y las decisiones corresponden a las autoridades competentes.\""}},{\""@type\"":\""Question\"",\""name\"":\""¿Cómo puedo hacer una consulta?\"",\""acceptedAnswer\"":{\""@type\"":\""Answer\"",\""text\"":\""Escribí por WhatsApp con tu destino y una consulta general. No envíes pasaportes, contraseñas ni datos de pago.\""}}]},{\""@type\"":\""WebPage\"",\""name\"":\""Renovar visa americana en Paraguay, con tus datos al día\"",\""description\"":\""Revisá tu visa anterior, tus datos actuales y las instrucciones para renovar desde Paraguay..\"",\""url\"":\""https://visas.com.py/visa-americana/renovacion/\"",\""inLanguage\"":\""es\""}]}""]",32,https://visas.com.py/visa-americana/renovacion/ | https://visas.com.py/ | https://visas.com.py/visa-americana/ | https://visas.com.py/visa-americana/turista/ | https://visas.com.py/visa-americana/estudiante/ | https://visas.com.py/visa-americana/trabajo/ | https://visas.com.py/visa-americana/entrevista/ | https://visas.com.py/visa-americana/denegada/ | https://visas.com.py/visa-canada/ | https://visas.com.py/visa-espana/ | https://visas.com.py/visa-australia/ | https://visas.com.py/work-and-travel/ | https://visas.com.py/residencia-en-paraguay/ | https://visas.com.py/residencia-en-paraguay/permanente/ | https://visas.com.py/residencia-en-paraguay/temporal/ | https://visas.com.py/residencia-en-paraguay/requisitos/ | https://visas.com.py/en/residency-in-paraguay/ | https://visas.com.py/guias/ | https://visas.com.py/guias/requisitos-visa-americana-paraguay/ | https://visas.com.py/guias/como-llenar-el-ds-160/ | https://visas.com.py/guias/preguntas-entrevista-visa-americana/ | https://visas.com.py/guias/visa-americana-denegada-214b/ | https://visas.com.py/guias/embajada-de-estados-unidos-en-paraguay/ | https://visas.com.py/guias/migraciones-paraguay/ | https://visas.com.py/guias/cuanto-cuesta-la-visa-americana/ | https://visas.com.py/guias/requisitos-para-viajar-a-espana-desde-paraguay/ | https://visas.com.py/guias/checklist-visa-americana/ | https://visas.com.py/contacto/ | https://visas.com.py/en/ | https://visas.com.py/preguntas-frecuentes/ | https://visas.com.py/nosotros/ | https://visas.com.py/privacidad/,6,True
https://visas.com.py/visa-americana/estudiante/,https://visas.com.py/visa-americana/estudiante/,200,,Visa de estudiante a Estados Unidos desde Paraguay,La admisión y la visa son etapas distintas.,https://visas.com.py/visa-americana/estudiante/,,,Visa de estudiante para Estados Unidos: prepará tu proyecto,1,"[""{\""@context\"":\""https://schema.org\"",\""@graph\"":[{\""@type\"":\""Organization\"",\""@id\"":\""https://visas.com.py/#organization\"",\""name\"":\""visas.com.py\"",\""url\"":\""https://visas.com.py/\"",\""logo\"":\""https://visas.com.py/assets/img/favicon.svg?v=e13daab3a1\""},{\""@type\"":\""BreadcrumbList\"",\""itemListElement\"":[{\""@type\"":\""ListItem\"",\""position\"":1,\""name\"":\""Inicio\"",\""item\"":\""https://visas.com.py/\""},{\""@type\"":\""ListItem\"",\""position\"":2,\""name\"":\""Visa americana\"",\""item\"":\""https://visas.com.py/visa-americana/\""},{\""@type\"":\""ListItem\"",\""position\"":3,\""name\"":\""Visa de estudiante\"",\""item\"":\""https://visas.com.py/visa-americana/estudiante/\""}]},{\""@type\"":\""FAQPage\"",\""mainEntity\"":[{\""@type\"":\""Question\"",\""name\"":\""¿Este sitio gestiona mi solicitud?\"",\""acceptedAnswer\"":{\""@type\"":\""Answer\"",\""text\"":\""No. Este es un sitio independiente de información con enlaces oficiales. La solicitud y las decisiones corresponden a las autoridades competentes.\""}},{\""@type\"":\""Question\"",\""name\"":\""¿Cómo puedo hacer una consulta?\"",\""acceptedAnswer\"":{\""@type\"":\""Answer\"",\""text\"":\""Escribí por WhatsApp con tu destino y una consulta general. No envíes pasaportes, contraseñas ni datos de pago.\""}}]},{\""@type\"":\""WebPage\"",\""name\"":\""Visa de estudiante para Estados Unidos: prepará tu proyecto\"",\""description\"":\""La admisión y la visa son etapas distintas.\"",\""url\"":\""https://visas.com.py/visa-americana/estudiante/\"",\""inLanguage\"":\""es\""}]}""]",32,https://visas.com.py/visa-americana/estudiante/ | https://visas.com.py/ | https://visas.com.py/visa-americana/ | https://visas.com.py/visa-americana/turista/ | https://visas.com.py/visa-americana/renovacion/ | https://visas.com.py/visa-americana/trabajo/ | https://visas.com.py/visa-americana/entrevista/ | https://visas.com.py/visa-americana/denegada/ | https://visas.com.py/visa-canada/ | https://visas.com.py/visa-espana/ | https://visas.com.py/visa-australia/ | https://visas.com.py/work-and-travel/ | https://visas.com.py/residencia-en-paraguay/ | https://visas.com.py/residencia-en-paraguay/permanente/ | https://visas.com.py/residencia-en-paraguay/temporal/ | https://visas.com.py/residencia-en-paraguay/requisitos/ | https://visas.com.py/en/residency-in-paraguay/ | https://visas.com.py/guias/ | https://visas.com.py/guias/requisitos-visa-americana-paraguay/ | https://visas.com.py/guias/como-llenar-el-ds-160/ | https://visas.com.py/guias/preguntas-entrevista-visa-americana/ | https://visas.com.py/guias/visa-americana-denegada-214b/ | https://visas.com.py/guias/embajada-de-estados-unidos-en-paraguay/ | https://visas.com.py/guias/migraciones-paraguay/ | https://visas.com.py/guias/cuanto-cuesta-la-visa-americana/ | https://visas.com.py/guias/requisitos-para-viajar-a-espana-desde-paraguay/ | https://visas.com.py/guias/checklist-visa-americana/ | https://visas.com.py/contacto/ | https://visas.com.py/en/ | https://visas.com.py/preguntas-frecuentes/ | https://visas.com.py/nosotros/ | https://visas.com.py/privacidad/,6,True
https://visas.com.py/visa-americana/trabajo/,https://visas.com.py/visa-americana/trabajo/,200,,Visa de trabajo a Estados Unidos desde Paraguay,Identificá la categoría y la etapa consular de tu proyecto laboral.,https://visas.com.py/visa-americana/trabajo/,,,Visa de trabajo para Estados Unidos: ubicá tu próximo paso,1,"[""{\""@context\"":\""https://schema.org\"",\""@graph\"":[{\""@type\"":\""Organization\"",\""@id\"":\""https://visas.com.py/#organization\"",\""name\"":\""visas.com.py\"",\""url\"":\""https://visas.com.py/\"",\""logo\"":\""https://visas.com.py/assets/img/favicon.svg?v=e13daab3a1\""},{\""@type\"":\""BreadcrumbList\"",\""itemListElement\"":[{\""@type\"":\""ListItem\"",\""position\"":1,\""name\"":\""Inicio\"",\""item\"":\""https://visas.com.py/\""},{\""@type\"":\""ListItem\"",\""position\"":2,\""name\"":\""Visa americana\"",\""item\"":\""https://visas.com.py/visa-americana/\""},{\""@type\"":\""ListItem\"",\""position\"":3,\""name\"":\""Visa de trabajo\"",\""item\"":\""https://visas.com.py/visa-americana/trabajo/\""}]},{\""@type\"":\""FAQPage\"",\""mainEntity\"":[{\""@type\"":\""Question\"",\""name\"":\""¿Este sitio gestiona mi solicitud?\"",\""acceptedAnswer\"":{\""@type\"":\""Answer\"",\""text\"":\""No. Este es un sitio independiente de información con enlaces oficiales. La solicitud y las decisiones corresponden a las autoridades competentes.\""}},{\""@type\"":\""Question\"",\""name\"":\""¿Cómo puedo hacer una consulta?\"",\""acceptedAnswer\"":{\""@type\"":\""Answer\"",\""text\"":\""Escribí por WhatsApp con tu destino y una consulta general. No envíes pasaportes, contraseñas ni datos de pago.\""}}]},{\""@type\"":\""WebPage\"",\""name\"":\""Visa de trabajo para Estados Unidos: ubicá tu próximo paso\"",\""description\"":\""Identificá la categoría y la etapa consular de tu proyecto laboral.\"",\""url\"":\""https://visas.com.py/visa-americana/trabajo/\"",\""inLanguage\"":\""es\""}]}""]",32,https://visas.com.py/visa-americana/trabajo/ | https://visas.com.py/ | https://visas.com.py/visa-americana/ | https://visas.com.py/visa-americana/turista/ | https://visas.com.py/visa-americana/renovacion/ | https://visas.com.py/visa-americana/estudiante/ | https://visas.com.py/visa-americana/entrevista/ | https://visas.com.py/visa-americana/denegada/ | https://visas.com.py/visa-canada/ | https://visas.com.py/visa-espana/ | https://visas.com.py/visa-australia/ | https://visas.com.py/work-and-travel/ | https://visas.com.py/residencia-en-paraguay/ | https://visas.com.py/residencia-en-paraguay/permanente/ | https://visas.com.py/residencia-en-paraguay/temporal/ | https://visas.com.py/residencia-en-paraguay/requisitos/ | https://visas.com.py/en/residency-in-paraguay/ | https://visas.com.py/guias/ | https://visas.com.py/guias/requisitos-visa-americana-paraguay/ | https://visas.com.py/guias/como-llenar-el-ds-160/ | https://visas.com.py/guias/preguntas-entrevista-visa-americana/ | https://visas.com.py/guias/visa-americana-denegada-214b/ | https://visas.com.py/guias/embajada-de-estados-unidos-en-paraguay/ | https://visas.com.py/guias/migraciones-paraguay/ | https://visas.com.py/guias/cuanto-cuesta-la-visa-americana/ | https://visas.com.py/guias/requisitos-para-viajar-a-espana-desde-paraguay/ | https://visas.com.py/guias/checklist-visa-americana/ | https://visas.com.py/contacto/ | https://visas.com.py/en/ | https://visas.com.py/preguntas-frecuentes/ | https://visas.com.py/nosotros/ | https://visas.com.py/privacidad/,6,True
https://visas.com.py/visa-americana/entrevista/,https://visas.com.py/visa-americana/entrevista/,200,,Entrevista de visa americana: preguntas y práctica personal,"Practicá explicar tu viaje y tu situación con tus propias palabras, sin memorizar un guion..",https://visas.com.py/visa-americana/entrevista/,,,Preguntas de la entrevista de visa americana,1,"[""{\""@context\"":\""https://schema.org\"",\""@graph\"":[{\""@type\"":\""Organization\"",\""@id\"":\""https://visas.com.py/#organization\"",\""name\"":\""visas.com.py\"",\""url\"":\""https://visas.com.py/\"",\""logo\"":\""https://visas.com.py/assets/img/favicon.svg?v=e13daab3a1\""},{\""@type\"":\""BreadcrumbList\"",\""itemListElement\"":[{\""@type\"":\""ListItem\"",\""position\"":1,\""name\"":\""Inicio\"",\""item\"":\""https://visas.com.py/\""},{\""@type\"":\""ListItem\"",\""position\"":2,\""name\"":\""Visa americana\"",\""item\"":\""https://visas.com.py/visa-americana/\""},{\""@type\"":\""ListItem\"",\""position\"":3,\""name\"":\""Preparación de entrevista\"",\""item\"":\""https://visas.com.py/visa-americana/entrevista/\""}]},{\""@type\"":\""FAQPage\"",\""mainEntity\"":[{\""@type\"":\""Question\"",\""name\"":\""¿Este sitio gestiona mi solicitud?\"",\""acceptedAnswer\"":{\""@type\"":\""Answer\"",\""text\"":\""No. Este es un sitio independiente de información con enlaces oficiales. La solicitud y las decisiones corresponden a las autoridades competentes.\""}},{\""@type\"":\""Question\"",\""name\"":\""¿Cómo puedo hacer una consulta?\"",\""acceptedAnswer\"":{\""@type\"":\""Answer\"",\""text\"":\""Escribí por WhatsApp con tu destino y una consulta general. No envíes pasaportes, contraseñas ni datos de pago.\""}}]},{\""@type\"":\""WebPage\"",\""name\"":\""Preguntas de la entrevista de visa americana\"",\""description\"":\""Practicá explicar tu viaje y tu situación con tus propias palabras, sin memorizar un guion..\"",\""url\"":\""https://visas.com.py/visa-americana/entrevista/\"",\""inLanguage\"":\""es\""}]}""]",32,https://visas.com.py/visa-americana/entrevista/ | https://visas.com.py/ | https://visas.com.py/visa-americana/ | https://visas.com.py/visa-americana/turista/ | https://visas.com.py/visa-americana/renovacion/ | https://visas.com.py/visa-americana/estudiante/ | https://visas.com.py/visa-americana/trabajo/ | https://visas.com.py/visa-americana/denegada/ | https://visas.com.py/visa-canada/ | https://visas.com.py/visa-espana/ | https://visas.com.py/visa-australia/ | https://visas.com.py/work-and-travel/ | https://visas.com.py/residencia-en-paraguay/ | https://visas.com.py/residencia-en-paraguay/permanente/ | https://visas.com.py/residencia-en-paraguay/temporal/ | https://visas.com.py/residencia-en-paraguay/requisitos/ | https://visas.com.py/en/residency-in-paraguay/ | https://visas.com.py/guias/ | https://visas.com.py/guias/requisitos-visa-americana-paraguay/ | https://visas.com.py/guias/como-llenar-el-ds-160/ | https://visas.com.py/guias/preguntas-entrevista-visa-americana/ | https://visas.com.py/guias/visa-americana-denegada-214b/ | https://visas.com.py/guias/embajada-de-estados-unidos-en-paraguay/ | https://visas.com.py/guias/migraciones-paraguay/ | https://visas.com.py/guias/cuanto-cuesta-la-visa-americana/ | https://visas.com.py/guias/requisitos-para-viajar-a-espana-desde-paraguay/ | https://visas.com.py/guias/checklist-visa-americana/ | https://visas.com.py/contacto/ | https://visas.com.py/en/ | https://visas.com.py/preguntas-frecuentes/ | https://visas.com.py/nosotros/ | https://visas.com.py/privacidad/,6,True
https://visas.com.py/visa-americana/denegada/,https://visas.com.py/visa-americana/denegada/,200,,Visa americana denegada: nueva solicitud desde Paraguay,Leé la notificación y su fundamento antes de repetir la solicitud.,https://visas.com.py/visa-americana/denegada/,,,Visa americana denegada: qué revisar antes de volver a aplicar,1,"[""{\""@context\"":\""https://schema.org\"",\""@graph\"":[{\""@type\"":\""Organization\"",\""@id\"":\""https://visas.com.py/#organization\"",\""name\"":\""visas.com.py\"",\""url\"":\""https://visas.com.py/\"",\""logo\"":\""https://visas.com.py/assets/img/favicon.svg?v=e13daab3a1\""},{\""@type\"":\""BreadcrumbList\"",\""itemListElement\"":[{\""@type\"":\""ListItem\"",\""position\"":1,\""name\"":\""Inicio\"",\""item\"":\""https://visas.com.py/\""},{\""@type\"":\""ListItem\"",\""position\"":2,\""name\"":\""Visa americana\"",\""item\"":\""https://visas.com.py/visa-americana/\""},{\""@type\"":\""ListItem\"",\""position\"":3,\""name\"":\""Visa denegada\"",\""item\"":\""https://visas.com.py/visa-americana/denegada/\""}]},{\""@type\"":\""FAQPage\"",\""mainEntity\"":[{\""@type\"":\""Question\"",\""name\"":\""¿Este sitio gestiona mi solicitud?\"",\""acceptedAnswer\"":{\""@type\"":\""Answer\"",\""text\"":\""No. Este es un sitio independiente de información con enlaces oficiales. La solicitud y las decisiones corresponden a las autoridades competentes.\""}},{\""@type\"":\""Question\"",\""name\"":\""¿Cómo puedo hacer una consulta?\"",\""acceptedAnswer\"":{\""@type\"":\""Answer\"",\""text\"":\""Escribí por WhatsApp con tu destino y una consulta general. No envíes pasaportes, contraseñas ni datos de pago.\""}}]},{\""@type\"":\""WebPage\"",\""name\"":\""Visa americana denegada: qué revisar antes de volver a aplicar\"",\""description\"":\""Leé la notificación y su fundamento antes de repetir la solicitud.\"",\""url\"":\""https://visas.com.py/visa-americana/denegada/\"",\""inLanguage\"":\""es\""}]}""]",32,https://visas.com.py/visa-americana/denegada/ | https://visas.com.py/ | https://visas.com.py/visa-americana/ | https://visas.com.py/visa-americana/turista/ | https://visas.com.py/visa-americana/renovacion/ | https://visas.com.py/visa-americana/estudiante/ | https://visas.com.py/visa-americana/trabajo/ | https://visas.com.py/visa-americana/entrevista/ | https://visas.com.py/visa-canada/ | https://visas.com.py/visa-espana/ | https://visas.com.py/visa-australia/ | https://visas.com.py/work-and-travel/ | https://visas.com.py/residencia-en-paraguay/ | https://visas.com.py/residencia-en-paraguay/permanente/ | https://visas.com.py/residencia-en-paraguay/temporal/ | https://visas.com.py/residencia-en-paraguay/requisitos/ | https://visas.com.py/en/residency-in-paraguay/ | https://visas.com.py/guias/ | https://visas.com.py/guias/requisitos-visa-americana-paraguay/ | https://visas.com.py/guias/como-llenar-el-ds-160/ | https://visas.com.py/guias/preguntas-entrevista-visa-americana/ | https://visas.com.py/guias/visa-americana-denegada-214b/ | https://visas.com.py/guias/embajada-de-estados-unidos-en-paraguay/ | https://visas.com.py/guias/migraciones-paraguay/ | https://visas.com.py/guias/cuanto-cuesta-la-visa-americana/ | https://visas.com.py/guias/requisitos-para-viajar-a-espana-desde-paraguay/ | https://visas.com.py/guias/checklist-visa-americana/ | https://visas.com.py/contacto/ | https://visas.com.py/en/ | https://visas.com.py/preguntas-frecuentes/ | https://visas.com.py/nosotros/ | https://visas.com.py/privacidad/,6,True
https://visas.com.py/visa-americana/,https://visas.com.py/visa-americana/,200,,Visa americana desde Paraguay: requisitos y categorías,"Encontrá orientación para tu visa americana: turismo, renovación, estudios, trabajo, entrevista y revisión después de una negativa.",https://visas.com.py/visa-americana/,,,Visa americana: encontrá la preparación que necesitás,1,"[""{\""@context\"":\""https://schema.org\"",\""@graph\"":[{\""@type\"":\""Organization\"",\""@id\"":\""https://visas.com.py/#organization\"",\""name\"":\""visas.com.py\"",\""url\"":\""https://visas.com.py/\"",\""logo\"":\""https://visas.com.py/assets/img/favicon.svg?v=e13daab3a1\""},{\""@type\"":\""BreadcrumbList\"",\""itemListElement\"":[{\""@type\"":\""ListItem\"",\""position\"":1,\""name\"":\""Inicio\"",\""item\"":\""https://visas.com.py/\""},{\""@type\"":\""ListItem\"",\""position\"":2,\""name\"":\""Visa americana\"",\""item\"":\""https://visas.com.py/visa-americana/\""}]},{\""@type\"":\""WebPage\"",\""name\"":\""Visa americana: encontrá la preparación que necesitás\"",\""description\"":\""Encontrá orientación para tu visa americana: turismo, renovación, estudios, trabajo, entrevista y revisión después de una negativa.\"",\""url\"":\""https://visas.com.py/visa-americana/\"",\""inLanguage\"":\""es\""}]}""]",32,https://visas.com.py/visa-americana/ | https://visas.com.py/ | https://visas.com.py/visa-americana/turista/ | https://visas.com.py/visa-americana/renovacion/ | https://visas.com.py/visa-americana/estudiante/ | https://visas.com.py/visa-americana/trabajo/ | https://visas.com.py/visa-americana/entrevista/ | https://visas.com.py/visa-americana/denegada/ | https://visas.com.py/visa-canada/ | https://visas.com.py/visa-espana/ | https://visas.com.py/visa-australia/ | https://visas.com.py/work-and-travel/ | https://visas.com.py/residencia-en-paraguay/ | https://visas.com.py/residencia-en-paraguay/permanente/ | https://visas.com.py/residencia-en-paraguay/temporal/ | https://visas.com.py/residencia-en-paraguay/requisitos/ | https://visas.com.py/en/residency-in-paraguay/ | https://visas.com.py/guias/ | https://visas.com.py/guias/requisitos-visa-americana-paraguay/ | https://visas.com.py/guias/como-llenar-el-ds-160/ | https://visas.com.py/guias/preguntas-entrevista-visa-americana/ | https://visas.com.py/guias/visa-americana-denegada-214b/ | https://visas.com.py/guias/embajada-de-estados-unidos-en-paraguay/ | https://visas.com.py/guias/migraciones-paraguay/ | https://visas.com.py/guias/cuanto-cuesta-la-visa-americana/ | https://visas.com.py/guias/requisitos-para-viajar-a-espana-desde-paraguay/ | https://visas.com.py/guias/checklist-visa-americana/ | https://visas.com.py/contacto/ | https://visas.com.py/en/ | https://visas.com.py/preguntas-frecuentes/ | https://visas.com.py/nosotros/ | https://visas.com.py/privacidad/,6,True
https://visas.com.py/guias/requisitos-visa-americana-paraguay/,https://visas.com.py/guias/requisitos-visa-americana-paraguay/,200,,Requisitos visa americana Paraguay | Guía práctica,"Qué información ordenar para tu visa americana desde Paraguay: pasaporte, DS-160, motivo de viaje, financiación y preparación de entrevista.",https://visas.com.py/guias/requisitos-visa-americana-paraguay/,,,Requisitos de visa americana en Paraguay: prepará la información,1,"[""{\""@context\"":\""https://schema.org\"",\""@graph\"":[{\""@type\"":\""Organization\"",\""@id\"":\""https://visas.com.py/#organization\"",\""name\"":\""visas.com.py\"",\""url\"":\""https://visas.com.py/\"",\""logo\"":\""https://visas.com.py/assets/img/favicon.svg?v=e13daab3a1\""},{\""@type\"":\""BreadcrumbList\"",\""itemListElement\"":[{\""@type\"":\""ListItem\"",\""position\"":1,\""name\"":\""Inicio\"",\""item\"":\""https://visas.com.py/\""},{\""@type\"":\""ListItem\"",\""position\"":2,\""name\"":\""Guías\"",\""item\"":\""https://visas.com.py/guias/\""},{\""@type\"":\""ListItem\"",\""position\"":3,\""name\"":\""Requisitos de visa americana\"",\""item\"":\""https://visas.com.py/guias/requisitos-visa-americana-paraguay/\""}]},{\""@type\"":\""Article\"",\""headline\"":\""Requisitos de visa americana en Paraguay: prepará la información\"",\""description\"":\""Qué información ordenar para tu visa americana desde Paraguay: pasaporte, DS-160, motivo de viaje, financiación y preparación de entrevista.\"",\""mainEntityOfPage\"":\""https://visas.com.py/guias/requisitos-visa-americana-paraguay/\"",\""inLanguage\"":\""es\"",\""dateModified\"":\""2026-09-19\"",\""author\"":{\""@type\"":\""Organization\"",\""@id\"":\""https://visas.com.py/#organization\"",\""name\"":\""visas.com.py\""},\""publisher\"":{\""@id\"":\""https://visas.com.py/#organization\""}}]}""]",32,https://visas.com.py/guias/requisitos-visa-americana-paraguay/ | https://visas.com.py/ | https://visas.com.py/visa-americana/ | https://visas.com.py/visa-americana/turista/ | https://visas.com.py/visa-americana/renovacion/ | https://visas.com.py/visa-americana/estudiante/ | https://visas.com.py/visa-americana/trabajo/ | https://visas.com.py/visa-americana/entrevista/ | https://visas.com.py/visa-americana/denegada/ | https://visas.com.py/visa-canada/ | https://visas.com.py/visa-espana/ | https://visas.com.py/visa-australia/ | https://visas.com.py/work-and-travel/ | https://visas.com.py/residencia-en-paraguay/ | https://visas.com.py/residencia-en-paraguay/permanente/ | https://visas.com.py/residencia-en-paraguay/temporal/ | https://visas.com.py/residencia-en-paraguay/requisitos/ | https://visas.com.py/en/residency-in-paraguay/ | https://visas.com.py/guias/ | https://visas.com.py/guias/como-llenar-el-ds-160/ | https://visas.com.py/guias/preguntas-entrevista-visa-americana/ | https://visas.com.py/guias/visa-americana-denegada-214b/ | https://visas.com.py/guias/embajada-de-estados-unidos-en-paraguay/ | https://visas.com.py/guias/migraciones-paraguay/ | https://visas.com.py/guias/cuanto-cuesta-la-visa-americana/ | https://visas.com.py/guias/requisitos-para-viajar-a-espana-desde-paraguay/ | https://visas.com.py/guias/checklist-visa-americana/ | https://visas.com.py/contacto/ | https://visas.com.py/en/ | https://visas.com.py/preguntas-frecuentes/ | https://visas.com.py/nosotros/ | https://visas.com.py/privacidad/,6,True
https://visas.com.py/guias/como-llenar-el-ds-160/,https://visas.com.py/guias/como-llenar-el-ds-160/,200,,Formulario DS-160: cómo llenarlo desde Paraguay,"Prepará los datos del DS-160, revisá respuestas y evitá contradicciones. Una guía para completar tu solicitud con información verdadera.",https://visas.com.py/guias/como-llenar-el-ds-160/,,,"Cómo llenar el DS-160: prepará, revisá y entendé tus respuestas",1,"[""{\""@context\"":\""https://schema.org\"",\""@graph\"":[{\""@type\"":\""Organization\"",\""@id\"":\""https://visas.com.py/#organization\"",\""name\"":\""visas.com.py\"",\""url\"":\""https://visas.com.py/\"",\""logo\"":\""https://visas.com.py/assets/img/favicon.svg?v=e13daab3a1\""},{\""@type\"":\""BreadcrumbList\"",\""itemListElement\"":[{\""@type\"":\""ListItem\"",\""position\"":1,\""name\"":\""Inicio\"",\""item\"":\""https://visas.com.py/\""},{\""@type\"":\""ListItem\"",\""position\"":2,\""name\"":\""Guías\"",\""item\"":\""https://visas.com.py/guias/\""},{\""@type\"":\""ListItem\"",\""position\"":3,\""name\"":\""Cómo llenar el DS-160\"",\""item\"":\""https://visas.com.py/guias/como-llenar-el-ds-160/\""}]},{\""@type\"":\""Article\"",\""headline\"":\""Cómo llenar el DS-160: prepará, revisá y entendé tus respuestas\"",\""description\"":\""Prepará los datos del DS-160, revisá respuestas y evitá contradicciones. Una guía para completar tu solicitud con información verdadera.\"",\""mainEntityOfPage\"":\""https://visas.com.py/guias/como-llenar-el-ds-160/\"",\""inLanguage\"":\""es\"",\""dateModified\"":\""2026-09-19\"",\""author\"":{\""@type\"":\""Organization\"",\""@id\"":\""https://visas.com.py/#organization\"",\""name\"":\""visas.com.py\""},\""publisher\"":{\""@id\"":\""https://visas.com.py/#organization\""}}]}""]",32,https://visas.com.py/guias/como-llenar-el-ds-160/ | https://visas.com.py/ | https://visas.com.py/visa-americana/ | https://visas.com.py/visa-americana/turista/ | https://visas.com.py/visa-americana/renovacion/ | https://visas.com.py/visa-americana/estudiante/ | https://visas.com.py/visa-americana/trabajo/ | https://visas.com.py/visa-americana/entrevista/ | https://visas.com.py/visa-americana/denegada/ | https://visas.com.py/visa-canada/ | https://visas.com.py/visa-espana/ | https://visas.com.py/visa-australia/ | https://visas.com.py/work-and-travel/ | https://visas.com.py/residencia-en-paraguay/ | https://visas.com.py/residencia-en-paraguay/permanente/ | https://visas.com.py/residencia-en-paraguay/temporal/ | https://visas.com.py/residencia-en-paraguay/requisitos/ | https://visas.com.py/en/residency-in-paraguay/ | https://visas.com.py/guias/ | https://visas.com.py/guias/requisitos-visa-americana-paraguay/ | https://visas.com.py/guias/preguntas-entrevista-visa-americana/ | https://visas.com.py/guias/visa-americana-denegada-214b/ | https://visas.com.py/guias/embajada-de-estados-unidos-en-paraguay/ | https://visas.com.py/guias/migraciones-paraguay/ | https://visas.com.py/guias/cuanto-cuesta-la-visa-americana/ | https://visas.com.py/guias/requisitos-para-viajar-a-espana-desde-paraguay/ | https://visas.com.py/guias/checklist-visa-americana/ | https://visas.com.py/contacto/ | https://visas.com.py/en/ | https://visas.com.py/preguntas-frecuentes/ | https://visas.com.py/nosotros/ | https://visas.com.py/privacidad/,6,True
https://visas.com.py/guias/preguntas-entrevista-visa-americana/,https://visas.com.py/guias/preguntas-entrevista-visa-americana/,200,,Preguntas entrevista visa americana | Guía Paraguay,"Cómo practicar preguntas de entrevista para tu visa americana: viaje, financiación, trabajo y vínculos con Paraguay, sin memorizar respuestas.",https://visas.com.py/guias/preguntas-entrevista-visa-americana/,,,Preguntas de entrevista de visa americana: practicá tu explicación,1,"[""{\""@context\"":\""https://schema.org\"",\""@graph\"":[{\""@type\"":\""Organization\"",\""@id\"":\""https://visas.com.py/#organization\"",\""name\"":\""visas.com.py\"",\""url\"":\""https://visas.com.py/\"",\""logo\"":\""https://visas.com.py/assets/img/favicon.svg?v=e13daab3a1\""},{\""@type\"":\""BreadcrumbList\"",\""itemListElement\"":[{\""@type\"":\""ListItem\"",\""position\"":1,\""name\"":\""Inicio\"",\""item\"":\""https://visas.com.py/\""},{\""@type\"":\""ListItem\"",\""position\"":2,\""name\"":\""Guías\"",\""item\"":\""https://visas.com.py/guias/\""},{\""@type\"":\""ListItem\"",\""position\"":3,\""name\"":\""Preguntas de entrevista\"",\""item\"":\""https://visas.com.py/guias/preguntas-entrevista-visa-americana/\""}]},{\""@type\"":\""Article\"",\""headline\"":\""Preguntas de entrevista de visa americana: practicá tu explicación\"",\""description\"":\""Cómo practicar preguntas de entrevista para tu visa americana: viaje, financiación, trabajo y vínculos con Paraguay, sin memorizar respuestas.\"",\""mainEntityOfPage\"":\""https://visas.com.py/guias/preguntas-entrevista-visa-americana/\"",\""inLanguage\"":\""es\"",\""dateModified\"":\""2026-09-19\"",\""author\"":{\""@type\"":\""Organization\"",\""@id\"":\""https://visas.com.py/#organization\"",\""name\"":\""visas.com.py\""},\""publisher\"":{\""@id\"":\""https://visas.com.py/#organization\""}}]}""]",32,https://visas.com.py/guias/preguntas-entrevista-visa-americana/ | https://visas.com.py/ | https://visas.com.py/visa-americana/ | https://visas.com.py/visa-americana/turista/ | https://visas.com.py/visa-americana/renovacion/ | https://visas.com.py/visa-americana/estudiante/ | https://visas.com.py/visa-americana/trabajo/ | https://visas.com.py/visa-americana/entrevista/ | https://visas.com.py/visa-americana/denegada/ | https://visas.com.py/visa-canada/ | https://visas.com.py/visa-espana/ | https://visas.com.py/visa-australia/ | https://visas.com.py/work-and-travel/ | https://visas.com.py/residencia-en-paraguay/ | https://visas.com.py/residencia-en-paraguay/permanente/ | https://visas.com.py/residencia-en-paraguay/temporal/ | https://visas.com.py/residencia-en-paraguay/requisitos/ | https://visas.com.py/en/residency-in-paraguay/ | https://visas.com.py/guias/ | https://visas.com.py/guias/requisitos-visa-americana-paraguay/ | https://visas.com.py/guias/como-llenar-el-ds-160/ | https://visas.com.py/guias/visa-americana-denegada-214b/ | https://visas.com.py/guias/embajada-de-estados-unidos-en-paraguay/ | https://visas.com.py/guias/migraciones-paraguay/ | https://visas.com.py/guias/cuanto-cuesta-la-visa-americana/ | https://visas.com.py/guias/requisitos-para-viajar-a-espana-desde-paraguay/ | https://visas.com.py/guias/checklist-visa-americana/ | https://visas.com.py/contacto/ | https://visas.com.py/en/ | https://visas.com.py/preguntas-frecuentes/ | https://visas.com.py/nosotros/ | https://visas.com.py/privacidad/,6,True
https://visas.com.py/guias/visa-americana-denegada-214b/,https://visas.com.py/guias/visa-americana-denegada-214b/,200,,Visa americana denegada 214(b) | Qué revisar,"Qué revisar después de una negativa 214(b): comunicación oficial, solicitud anterior y cambios reales antes de volver a solicitar la visa.",https://visas.com.py/guias/visa-americana-denegada-214b/,,,Visa americana denegada por 214(b): revisá antes de repetir,1,"[""{\""@context\"":\""https://schema.org\"",\""@graph\"":[{\""@type\"":\""Organization\"",\""@id\"":\""https://visas.com.py/#organization\"",\""name\"":\""visas.com.py\"",\""url\"":\""https://visas.com.py/\"",\""logo\"":\""https://visas.com.py/assets/img/favicon.svg?v=e13daab3a1\""},{\""@type\"":\""BreadcrumbList\"",\""itemListElement\"":[{\""@type\"":\""ListItem\"",\""position\"":1,\""name\"":\""Inicio\"",\""item\"":\""https://visas.com.py/\""},{\""@type\"":\""ListItem\"",\""position\"":2,\""name\"":\""Guías\"",\""item\"":\""https://visas.com.py/guias/\""},{\""@type\"":\""ListItem\"",\""position\"":3,\""name\"":\""Visa denegada bajo 214(b)\"",\""item\"":\""https://visas.com.py/guias/visa-americana-denegada-214b/\""}]},{\""@type\"":\""Article\"",\""headline\"":\""Visa americana denegada por 214(b): revisá antes de repetir\"",\""description\"":\""Qué revisar después de una negativa 214(b): comunicación oficial, solicitud anterior y cambios reales antes de volver a solicitar la visa.\"",\""mainEntityOfPage\"":\""https://visas.com.py/guias/visa-americana-denegada-214b/\"",\""inLanguage\"":\""es\"",\""dateModified\"":\""2026-09-19\"",\""author\"":{\""@type\"":\""Organization\"",\""@id\"":\""https://visas.com.py/#organization\"",\""name\"":\""visas.com.py\""},\""publisher\"":{\""@id\"":\""https://visas.com.py/#organization\""}}]}""]",32,https://visas.com.py/guias/visa-americana-denegada-214b/ | https://visas.com.py/ | https://visas.com.py/visa-americana/ | https://visas.com.py/visa-americana/turista/ | https://visas.com.py/visa-americana/renovacion/ | https://visas.com.py/visa-americana/estudiante/ | https://visas.com.py/visa-americana/trabajo/ | https://visas.com.py/visa-americana/entrevista/ | https://visas.com.py/visa-americana/denegada/ | https://visas.com.py/visa-canada/ | https://visas.com.py/visa-espana/ | https://visas.com.py/visa-australia/ | https://visas.com.py/work-and-travel/ | https://visas.com.py/residencia-en-paraguay/ | https://visas.com.py/residencia-en-paraguay/permanente/ | https://visas.com.py/residencia-en-paraguay/temporal/ | https://visas.com.py/residencia-en-paraguay/requisitos/ | https://visas.com.py/en/residency-in-paraguay/ | https://visas.com.py/guias/ | https://visas.com.py/guias/requisitos-visa-americana-paraguay/ | https://visas.com.py/guias/como-llenar-el-ds-160/ | https://visas.com.py/guias/preguntas-entrevista-visa-americana/ | https://visas.com.py/guias/embajada-de-estados-unidos-en-paraguay/ | https://visas.com.py/guias/migraciones-paraguay/ | https://visas.com.py/guias/cuanto-cuesta-la-visa-americana/ | https://visas.com.py/guias/requisitos-para-viajar-a-espana-desde-paraguay/ | https://visas.com.py/guias/checklist-visa-americana/ | https://visas.com.py/contacto/ | https://visas.com.py/en/ | https://visas.com.py/preguntas-frecuentes/ | https://visas.com.py/nosotros/ | https://visas.com.py/privacidad/,6,True
https://visas.com.py/guias/,https://visas.com.py/guias/,200,,Guías de visa americana en Paraguay | visas.com.py,"Guías sobre visa americana, DS-160, embajada y Migraciones Paraguay. Ordená tus preguntas de visa y residencia con información clara.",https://visas.com.py/guias/,,,Guías para preparar tu visa con criterio.,1,"[""{\""@context\"":\""https://schema.org\"",\""@graph\"":[{\""@type\"":\""Organization\"",\""@id\"":\""https://visas.com.py/#organization\"",\""name\"":\""visas.com.py\"",\""url\"":\""https://visas.com.py/\"",\""logo\"":\""https://visas.com.py/assets/img/favicon.svg?v=e13daab3a1\""},{\""@type\"":\""BreadcrumbList\"",\""itemListElement\"":[{\""@type\"":\""ListItem\"",\""position\"":1,\""name\"":\""Inicio\"",\""item\"":\""https://visas.com.py/\""},{\""@type\"":\""ListItem\"",\""position\"":2,\""name\"":\""Guías\"",\""item\"":\""https://visas.com.py/guias/\""}]}]}""]",32,https://visas.com.py/guias/ | https://visas.com.py/ | https://visas.com.py/visa-americana/ | https://visas.com.py/visa-americana/turista/ | https://visas.com.py/visa-americana/renovacion/ | https://visas.com.py/visa-americana/estudiante/ | https://visas.com.py/visa-americana/trabajo/ | https://visas.com.py/visa-americana/entrevista/ | https://visas.com.py/visa-americana/denegada/ | https://visas.com.py/visa-canada/ | https://visas.com.py/visa-espana/ | https://visas.com.py/visa-australia/ | https://visas.com.py/work-and-travel/ | https://visas.com.py/residencia-en-paraguay/ | https://visas.com.py/residencia-en-paraguay/permanente/ | https://visas.com.py/residencia-en-paraguay/temporal/ | https://visas.com.py/residencia-en-paraguay/requisitos/ | https://visas.com.py/en/residency-in-paraguay/ | https://visas.com.py/guias/requisitos-visa-americana-paraguay/ | https://visas.com.py/guias/como-llenar-el-ds-160/ | https://visas.com.py/guias/preguntas-entrevista-visa-americana/ | https://visas.com.py/guias/visa-americana-denegada-214b/ | https://visas.com.py/guias/embajada-de-estados-unidos-en-paraguay/ | https://visas.com.py/guias/migraciones-paraguay/ | https://visas.com.py/guias/cuanto-cuesta-la-visa-americana/ | https://visas.com.py/guias/requisitos-para-viajar-a-espana-desde-paraguay/ | https://visas.com.py/guias/checklist-visa-americana/ | https://visas.com.py/contacto/ | https://visas.com.py/en/ | https://visas.com.py/preguntas-frecuentes/ | https://visas.com.py/nosotros/ | https://visas.com.py/privacidad/,5,True
https://visas.com.py/preguntas-frecuentes/,https://visas.com.py/preguntas-frecuentes/,200,,Preguntas frecuentes sobre visas | visas.com.py,"Respuestas sobre el sitio, DS-160, entrevista, negativas y aranceles. Información independiente y enlaces oficiales.",https://visas.com.py/preguntas-frecuentes/,,,Preguntas frecuentes sobre tu preparación.,1,"[""{\""@context\"":\""https://schema.org\"",\""@graph\"":[{\""@type\"":\""Organization\"",\""@id\"":\""https://visas.com.py/#organization\"",\""name\"":\""visas.com.py\"",\""url\"":\""https://visas.com.py/\"",\""logo\"":\""https://visas.com.py/assets/img/favicon.svg?v=e13daab3a1\""},{\""@type\"":\""BreadcrumbList\"",\""itemListElement\"":[{\""@type\"":\""ListItem\"",\""position\"":1,\""name\"":\""Inicio\"",\""item\"":\""https://visas.com.py/\""},{\""@type\"":\""ListItem\"",\""position\"":2,\""name\"":\""Preguntas frecuentes\"",\""item\"":\""https://visas.com.py/preguntas-frecuentes/\""}]},{\""@type\"":\""FAQPage\"",\""mainEntity\"":[{\""@type\"":\""Question\"",\""name\"":\""¿Este sitio decide si me dan la visa?\"",\""acceptedAnswer\"":{\""@type\"":\""Answer\"",\""text\"":\""No. Es un sitio privado e independiente de información. La autoridad competente evalúa cada solicitud y decide el resultado.\""}},{\""@type\"":\""Question\"",\""name\"":\""¿Dónde encuentro las instrucciones del DS-160?\"",\""acceptedAnswer\"":{\""@type\"":\""Answer\"",\""text\"":\""La guía del DS-160 reúne pasos y enlaces oficiales. Leé cada pregunta y revisá tus datos antes de enviar. Si te queda una duda, podés consultar por WhatsApp.\""}},{\""@type\"":\""Question\"",\""name\"":\""¿Cómo puedo preparar la entrevista?\"",\""acceptedAnswer\"":{\""@type\"":\""Answer\"",\""text\"":\""Practicá explicar el viaje y tu situación con tus propias palabras. La guía de preguntas ayuda a ordenar esa práctica; no anticipa las preguntas exactas ni el resultado.\""}},{\""@type\"":\""Question\"",\""name\"":\""¿Qué puedo revisar después de una negativa?\"",\""acceptedAnswer\"":{\""@type\"":\""Answer\"",\""text\"":\""Leé la sección legal de la notificación. Si corresponde a 214(b), consultá la explicación oficial y qué cambió antes de presentar otra solicitud y pagar nuevamente.\""}},{\""@type\"":\""Question\"",\""name\"":\""¿Dónde confirmo el arancel y la cita?\"",\""acceptedAnswer\"":{\""@type\"":\""Answer\"",\""text\"":\""Confirmá el importe vigente en la página oficial de aranceles y accedé al sistema de citas desde el sitio de la embajada. Un pago a un tercero no sustituye el arancel consular.\""}},{\""@type\"":\""Question\"",\""name\"":\""¿Consiguen empleos o patrocinadores?\"",\""acceptedAnswer\"":{\""@type\"":\""Answer\"",\""text\"":\""No. Este sitio no consigue empleos ni patrocinadores. Consultá al empleador o institución correspondiente.\""}},{\""@type\"":\""Question\"",\""name\"":\""¿Cuánto cuesta una solicitud B1/B2?\"",\""acceptedAnswer\"":{\""@type\"":\""Answer\"",\""text\"":\""Confirmá el importe vigente en la página oficial de aranceles antes de pagar. El arancel no es reembolsable y no incluye gastos personales ni honorarios privados.\""}}]}]}""]",32,https://visas.com.py/preguntas-frecuentes/ | https://visas.com.py/ | https://visas.com.py/visa-americana/ | https://visas.com.py/visa-americana/turista/ | https://visas.com.py/visa-americana/renovacion/ | https://visas.com.py/visa-americana/estudiante/ | https://visas.com.py/visa-americana/trabajo/ | https://visas.com.py/visa-americana/entrevista/ | https://visas.com.py/visa-americana/denegada/ | https://visas.com.py/visa-canada/ | https://visas.com.py/visa-espana/ | https://visas.com.py/visa-australia/ | https://visas.com.py/work-and-travel/ | https://visas.com.py/residencia-en-paraguay/ | https://visas.com.py/residencia-en-paraguay/permanente/ | https://visas.com.py/residencia-en-paraguay/temporal/ | https://visas.com.py/residencia-en-paraguay/requisitos/ | https://visas.com.py/en/residency-in-paraguay/ | https://visas.com.py/guias/ | https://visas.com.py/guias/requisitos-visa-americana-paraguay/ | https://visas.com.py/guias/como-llenar-el-ds-160/ | https://visas.com.py/guias/preguntas-entrevista-visa-americana/ | https://visas.com.py/guias/visa-americana-denegada-214b/ | https://visas.com.py/guias/embajada-de-estados-unidos-en-paraguay/ | https://visas.com.py/guias/migraciones-paraguay/ | https://visas.com.py/guias/cuanto-cuesta-la-visa-americana/ | https://visas.com.py/guias/requisitos-para-viajar-a-espana-desde-paraguay/ | https://visas.com.py/guias/checklist-visa-americana/ | https://visas.com.py/contacto/ | https://visas.com.py/en/ | https://visas.com.py/nosotros/ | https://visas.com.py/privacidad/,5,True
https://visas.com.py/nosotros/,https://visas.com.py/nosotros/,200,,Sobre este sitio · visas.com.py,Qué información publica visas.com.py y qué conviene preguntar antes de contratar una gestión de visa.,https://visas.com.py/nosotros/,,,Información para dar tu próximo paso.,1,"[""{\""@context\"":\""https://schema.org\"",\""@graph\"":[{\""@type\"":\""Organization\"",\""@id\"":\""https://visas.com.py/#organization\"",\""name\"":\""visas.com.py\"",\""url\"":\""https://visas.com.py/\"",\""logo\"":\""https://visas.com.py/assets/img/favicon.svg?v=e13daab3a1\""},{\""@type\"":\""BreadcrumbList\"",\""itemListElement\"":[{\""@type\"":\""ListItem\"",\""position\"":1,\""name\"":\""Inicio\"",\""item\"":\""https://visas.com.py/\""},{\""@type\"":\""ListItem\"",\""position\"":2,\""name\"":\""Nosotros\"",\""item\"":\""https://visas.com.py/nosotros/\""}]}]}""]",32,https://visas.com.py/nosotros/ | https://visas.com.py/ | https://visas.com.py/visa-americana/ | https://visas.com.py/visa-americana/turista/ | https://visas.com.py/visa-americana/renovacion/ | https://visas.com.py/visa-americana/estudiante/ | https://visas.com.py/visa-americana/trabajo/ | https://visas.com.py/visa-americana/entrevista/ | https://visas.com.py/visa-americana/denegada/ | https://visas.com.py/visa-canada/ | https://visas.com.py/visa-espana/ | https://visas.com.py/visa-australia/ | https://visas.com.py/work-and-travel/ | https://visas.com.py/residencia-en-paraguay/ | https://visas.com.py/residencia-en-paraguay/permanente/ | https://visas.com.py/residencia-en-paraguay/temporal/ | https://visas.com.py/residencia-en-paraguay/requisitos/ | https://visas.com.py/en/residency-in-paraguay/ | https://visas.com.py/guias/ | https://visas.com.py/guias/requisitos-visa-americana-paraguay/ | https://visas.com.py/guias/como-llenar-el-ds-160/ | https://visas.com.py/guias/preguntas-entrevista-visa-americana/ | https://visas.com.py/guias/visa-americana-denegada-214b/ | https://visas.com.py/guias/embajada-de-estados-unidos-en-paraguay/ | https://visas.com.py/guias/migraciones-paraguay/ | https://visas.com.py/guias/cuanto-cuesta-la-visa-americana/ | https://visas.com.py/guias/requisitos-para-viajar-a-espana-desde-paraguay/ | https://visas.com.py/guias/checklist-visa-americana/ | https://visas.com.py/contacto/ | https://visas.com.py/en/ | https://visas.com.py/privacidad/ | https://visas.com.py/preguntas-frecuentes/,5,True
https://visas.com.py/visa-espana/,https://visas.com.py/visa-espana/,200,,Visa España desde Paraguay: estudios y larga estadía,Diferenciá una visita corta de estudios o una estancia larga.,https://visas.com.py/visa-espana/,,,Visa España desde Paraguay: estudios y larga estadía,1,"[""{\""@context\"":\""https://schema.org\"",\""@graph\"":[{\""@type\"":\""Organization\"",\""@id\"":\""https://visas.com.py/#organization\"",\""name\"":\""visas.com.py\"",\""url\"":\""https://visas.com.py/\"",\""logo\"":\""https://visas.com.py/assets/img/favicon.svg?v=e13daab3a1\""},{\""@type\"":\""BreadcrumbList\"",\""itemListElement\"":[{\""@type\"":\""ListItem\"",\""position\"":1,\""name\"":\""Inicio\"",\""item\"":\""https://visas.com.py/\""},{\""@type\"":\""ListItem\"",\""position\"":2,\""name\"":\""Visa España\"",\""item\"":\""https://visas.com.py/visa-espana/\""}]},{\""@type\"":\""FAQPage\"",\""mainEntity\"":[{\""@type\"":\""Question\"",\""name\"":\""¿Este sitio gestiona mi solicitud?\"",\""acceptedAnswer\"":{\""@type\"":\""Answer\"",\""text\"":\""No. Este es un sitio independiente de información con enlaces oficiales. La solicitud y las decisiones corresponden a las autoridades competentes.\""}},{\""@type\"":\""Question\"",\""name\"":\""¿Cómo puedo hacer una consulta?\"",\""acceptedAnswer\"":{\""@type\"":\""Answer\"",\""text\"":\""Escribí por WhatsApp con tu destino y una consulta general. No envíes pasaportes, contraseñas ni datos de pago.\""}}]},{\""@type\"":\""WebPage\"",\""name\"":\""Visa España desde Paraguay: estudios y larga estadía\"",\""description\"":\""Diferenciá una visita corta de estudios o una estancia larga.\"",\""url\"":\""https://visas.com.py/visa-espana/\"",\""inLanguage\"":\""es\""}]}""]",32,https://visas.com.py/visa-espana/ | https://visas.com.py/ | https://visas.com.py/visa-americana/ | https://visas.com.py/visa-americana/turista/ | https://visas.com.py/visa-americana/renovacion/ | https://visas.com.py/visa-americana/estudiante/ | https://visas.com.py/visa-americana/trabajo/ | https://visas.com.py/visa-americana/entrevista/ | https://visas.com.py/visa-americana/denegada/ | https://visas.com.py/visa-canada/ | https://visas.com.py/visa-australia/ | https://visas.com.py/work-and-travel/ | https://visas.com.py/residencia-en-paraguay/ | https://visas.com.py/residencia-en-paraguay/permanente/ | https://visas.com.py/residencia-en-paraguay/temporal/ | https://visas.com.py/residencia-en-paraguay/requisitos/ | https://visas.com.py/en/residency-in-paraguay/ | https://visas.com.py/guias/ | https://visas.com.py/guias/requisitos-visa-americana-paraguay/ | https://visas.com.py/guias/como-llenar-el-ds-160/ | https://visas.com.py/guias/preguntas-entrevista-visa-americana/ | https://visas.com.py/guias/visa-americana-denegada-214b/ | https://visas.com.py/guias/embajada-de-estados-unidos-en-paraguay/ | https://visas.com.py/guias/migraciones-paraguay/ | https://visas.com.py/guias/cuanto-cuesta-la-visa-americana/ | https://visas.com.py/guias/requisitos-para-viajar-a-espana-desde-paraguay/ | https://visas.com.py/guias/checklist-visa-americana/ | https://visas.com.py/contacto/ | https://visas.com.py/en/ | https://visas.com.py/preguntas-frecuentes/ | https://visas.com.py/nosotros/ | https://visas.com.py/privacidad/,6,True
https://visas.com.py/work-and-travel/,https://visas.com.py/work-and-travel/,200,,Work and Travel desde Paraguay: orientación de visa,Consultá las condiciones oficiales de Summer Work Travel y el papel del patrocinador antes de organizar el viaje..,https://visas.com.py/work-and-travel/,,,Work and Travel desde Paraguay: orientación de visa,1,"[""{\""@context\"":\""https://schema.org\"",\""@graph\"":[{\""@type\"":\""Organization\"",\""@id\"":\""https://visas.com.py/#organization\"",\""name\"":\""visas.com.py\"",\""url\"":\""https://visas.com.py/\"",\""logo\"":\""https://visas.com.py/assets/img/favicon.svg?v=e13daab3a1\""},{\""@type\"":\""BreadcrumbList\"",\""itemListElement\"":[{\""@type\"":\""ListItem\"",\""position\"":1,\""name\"":\""Inicio\"",\""item\"":\""https://visas.com.py/\""},{\""@type\"":\""ListItem\"",\""position\"":2,\""name\"":\""Work and Travel\"",\""item\"":\""https://visas.com.py/work-and-travel/\""}]},{\""@type\"":\""FAQPage\"",\""mainEntity\"":[{\""@type\"":\""Question\"",\""name\"":\""¿Este sitio gestiona mi solicitud?\"",\""acceptedAnswer\"":{\""@type\"":\""Answer\"",\""text\"":\""No. Este es un sitio independiente de información con enlaces oficiales. La solicitud y las decisiones corresponden a las autoridades competentes.\""}},{\""@type\"":\""Question\"",\""name\"":\""¿Cómo puedo hacer una consulta?\"",\""acceptedAnswer\"":{\""@type\"":\""Answer\"",\""text\"":\""Escribí por WhatsApp con tu destino y una consulta general. No envíes pasaportes, contraseñas ni datos de pago.\""}}]},{\""@type\"":\""WebPage\"",\""name\"":\""Work and Travel desde Paraguay: orientación de visa\"",\""description\"":\""Consultá las condiciones oficiales de Summer Work Travel y el papel del patrocinador antes de organizar el viaje..\"",\""url\"":\""https://visas.com.py/work-and-travel/\"",\""inLanguage\"":\""es\""}]}""]",32,https://visas.com.py/work-and-travel/ | https://visas.com.py/ | https://visas.com.py/visa-americana/ | https://visas.com.py/visa-americana/turista/ | https://visas.com.py/visa-americana/renovacion/ | https://visas.com.py/visa-americana/estudiante/ | https://visas.com.py/visa-americana/trabajo/ | https://visas.com.py/visa-americana/entrevista/ | https://visas.com.py/visa-americana/denegada/ | https://visas.com.py/visa-canada/ | https://visas.com.py/visa-espana/ | https://visas.com.py/visa-australia/ | https://visas.com.py/residencia-en-paraguay/ | https://visas.com.py/residencia-en-paraguay/permanente/ | https://visas.com.py/residencia-en-paraguay/temporal/ | https://visas.com.py/residencia-en-paraguay/requisitos/ | https://visas.com.py/en/residency-in-paraguay/ | https://visas.com.py/guias/ | https://visas.com.py/guias/requisitos-visa-americana-paraguay/ | https://visas.com.py/guias/como-llenar-el-ds-160/ | https://visas.com.py/guias/preguntas-entrevista-visa-americana/ | https://visas.com.py/guias/visa-americana-denegada-214b/ | https://visas.com.py/guias/embajada-de-estados-unidos-en-paraguay/ | https://visas.com.py/guias/migraciones-paraguay/ | https://visas.com.py/guias/cuanto-cuesta-la-visa-americana/ | https://visas.com.py/guias/requisitos-para-viajar-a-espana-desde-paraguay/ | https://visas.com.py/guias/checklist-visa-americana/ | https://visas.com.py/contacto/ | https://visas.com.py/en/ | https://visas.com.py/preguntas-frecuentes/ | https://visas.com.py/nosotros/ | https://visas.com.py/privacidad/,6,True
https://visas.com.py/visa-australia/,https://visas.com.py/visa-australia/,200,,Visa Australia desde Paraguay: prepará tu consulta,Empezá por tu pasaporte y el motivo del viaje en el buscador oficial de visas de Australia..,https://visas.com.py/visa-australia/,,,Visa Australia desde Paraguay: prepará tu consulta,1,"[""{\""@context\"":\""https://schema.org\"",\""@graph\"":[{\""@type\"":\""Organization\"",\""@id\"":\""https://visas.com.py/#organization\"",\""name\"":\""visas.com.py\"",\""url\"":\""https://visas.com.py/\"",\""logo\"":\""https://visas.com.py/assets/img/favicon.svg?v=e13daab3a1\""},{\""@type\"":\""BreadcrumbList\"",\""itemListElement\"":[{\""@type\"":\""ListItem\"",\""position\"":1,\""name\"":\""Inicio\"",\""item\"":\""https://visas.com.py/\""},{\""@type\"":\""ListItem\"",\""position\"":2,\""name\"":\""Visa Australia\"",\""item\"":\""https://visas.com.py/visa-australia/\""}]},{\""@type\"":\""FAQPage\"",\""mainEntity\"":[{\""@type\"":\""Question\"",\""name\"":\""¿Este sitio gestiona mi solicitud?\"",\""acceptedAnswer\"":{\""@type\"":\""Answer\"",\""text\"":\""No. Este es un sitio independiente de información con enlaces oficiales. La solicitud y las decisiones corresponden a las autoridades competentes.\""}},{\""@type\"":\""Question\"",\""name\"":\""¿Cómo puedo hacer una consulta?\"",\""acceptedAnswer\"":{\""@type\"":\""Answer\"",\""text\"":\""Escribí por WhatsApp con tu destino y una consulta general. No envíes pasaportes, contraseñas ni datos de pago.\""}}]},{\""@type\"":\""WebPage\"",\""name\"":\""Visa Australia desde Paraguay: prepará tu consulta\"",\""description\"":\""Empezá por tu pasaporte y el motivo del viaje en el buscador oficial de visas de Australia..\"",\""url\"":\""https://visas.com.py/visa-australia/\"",\""inLanguage\"":\""es\""}]}""]",32,https://visas.com.py/visa-australia/ | https://visas.com.py/ | https://visas.com.py/visa-americana/ | https://visas.com.py/visa-americana/turista/ | https://visas.com.py/visa-americana/renovacion/ | https://visas.com.py/visa-americana/estudiante/ | https://visas.com.py/visa-americana/trabajo/ | https://visas.com.py/visa-americana/entrevista/ | https://visas.com.py/visa-americana/denegada/ | https://visas.com.py/visa-canada/ | https://visas.com.py/visa-espana/ | https://visas.com.py/work-and-travel/ | https://visas.com.py/residencia-en-paraguay/ | https://visas.com.py/residencia-en-paraguay/permanente/ | https://visas.com.py/residencia-en-paraguay/temporal/ | https://visas.com.py/residencia-en-paraguay/requisitos/ | https://visas.com.py/en/residency-in-paraguay/ | https://visas.com.py/guias/ | https://visas.com.py/guias/requisitos-visa-americana-paraguay/ | https://visas.com.py/guias/como-llenar-el-ds-160/ | https://visas.com.py/guias/preguntas-entrevista-visa-americana/ | https://visas.com.py/guias/visa-americana-denegada-214b/ | https://visas.com.py/guias/embajada-de-estados-unidos-en-paraguay/ | https://visas.com.py/guias/migraciones-paraguay/ | https://visas.com.py/guias/cuanto-cuesta-la-visa-americana/ | https://visas.com.py/guias/requisitos-para-viajar-a-espana-desde-paraguay/ | https://visas.com.py/guias/checklist-visa-americana/ | https://visas.com.py/contacto/ | https://visas.com.py/en/ | https://visas.com.py/preguntas-frecuentes/ | https://visas.com.py/nosotros/ | https://visas.com.py/privacidad/,6,True
https://visas.com.py/residencia-en-paraguay/permanente/,https://visas.com.py/residencia-en-paraguay/permanente/,200,,Residencia permanente en Paraguay: orientación,La residencia permanente requiere verificar la vía aplicable a tu situación ante Migraciones..,https://visas.com.py/residencia-en-paraguay/permanente/,,,Residencia permanente en Paraguay: orientación,1,"[""{\""@context\"":\""https://schema.org\"",\""@graph\"":[{\""@type\"":\""Organization\"",\""@id\"":\""https://visas.com.py/#organization\"",\""name\"":\""visas.com.py\"",\""url\"":\""https://visas.com.py/\"",\""logo\"":\""https://visas.com.py/assets/img/favicon.svg?v=e13daab3a1\""},{\""@type\"":\""BreadcrumbList\"",\""itemListElement\"":[{\""@type\"":\""ListItem\"",\""position\"":1,\""name\"":\""Inicio\"",\""item\"":\""https://visas.com.py/\""},{\""@type\"":\""ListItem\"",\""position\"":2,\""name\"":\""Residencia en Paraguay\"",\""item\"":\""https://visas.com.py/residencia-en-paraguay/\""},{\""@type\"":\""ListItem\"",\""position\"":3,\""name\"":\""Residencia permanente\"",\""item\"":\""https://visas.com.py/residencia-en-paraguay/permanente/\""}]},{\""@type\"":\""FAQPage\"",\""mainEntity\"":[{\""@type\"":\""Question\"",\""name\"":\""¿Este sitio gestiona mi solicitud?\"",\""acceptedAnswer\"":{\""@type\"":\""Answer\"",\""text\"":\""No. Este es un sitio independiente de información con enlaces oficiales. La solicitud y las decisiones corresponden a las autoridades competentes.\""}},{\""@type\"":\""Question\"",\""name\"":\""¿Cómo puedo hacer una consulta?\"",\""acceptedAnswer\"":{\""@type\"":\""Answer\"",\""text\"":\""Escribí por WhatsApp con tu destino y una consulta general. No envíes pasaportes, contraseñas ni datos de pago.\""}}]},{\""@type\"":\""WebPage\"",\""name\"":\""Residencia permanente en Paraguay: orientación\"",\""description\"":\""La residencia permanente requiere verificar la vía aplicable a tu situación ante Migraciones..\"",\""url\"":\""https://visas.com.py/residencia-en-paraguay/permanente/\"",\""inLanguage\"":\""es\""}]}""]",32,https://visas.com.py/residencia-en-paraguay/permanente/ | https://visas.com.py/ | https://visas.com.py/visa-americana/ | https://visas.com.py/visa-americana/turista/ | https://visas.com.py/visa-americana/renovacion/ | https://visas.com.py/visa-americana/estudiante/ | https://visas.com.py/visa-americana/trabajo/ | https://visas.com.py/visa-americana/entrevista/ | https://visas.com.py/visa-americana/denegada/ | https://visas.com.py/visa-canada/ | https://visas.com.py/visa-espana/ | https://visas.com.py/visa-australia/ | https://visas.com.py/work-and-travel/ | https://visas.com.py/residencia-en-paraguay/ | https://visas.com.py/residencia-en-paraguay/temporal/ | https://visas.com.py/residencia-en-paraguay/requisitos/ | https://visas.com.py/en/residency-in-paraguay/ | https://visas.com.py/guias/ | https://visas.com.py/guias/requisitos-visa-americana-paraguay/ | https://visas.com.py/guias/como-llenar-el-ds-160/ | https://visas.com.py/guias/preguntas-entrevista-visa-americana/ | https://visas.com.py/guias/visa-americana-denegada-214b/ | https://visas.com.py/guias/embajada-de-estados-unidos-en-paraguay/ | https://visas.com.py/guias/migraciones-paraguay/ | https://visas.com.py/guias/cuanto-cuesta-la-visa-americana/ | https://visas.com.py/guias/requisitos-para-viajar-a-espana-desde-paraguay/ | https://visas.com.py/guias/checklist-visa-americana/ | https://visas.com.py/contacto/ | https://visas.com.py/en/ | https://visas.com.py/preguntas-frecuentes/ | https://visas.com.py/nosotros/ | https://visas.com.py/privacidad/,6,True
https://visas.com.py/residencia-en-paraguay/temporal/,https://visas.com.py/residencia-en-paraguay/temporal/,200,,Residencia temporal en Paraguay: preparación del trámite,Consultá las instrucciones de residencia temporal de Migraciones para tu situación..,https://visas.com.py/residencia-en-paraguay/temporal/,,,Residencia temporal en Paraguay: preparación del trámite,1,"[""{\""@context\"":\""https://schema.org\"",\""@graph\"":[{\""@type\"":\""Organization\"",\""@id\"":\""https://visas.com.py/#organization\"",\""name\"":\""visas.com.py\"",\""url\"":\""https://visas.com.py/\"",\""logo\"":\""https://visas.com.py/assets/img/favicon.svg?v=e13daab3a1\""},{\""@type\"":\""BreadcrumbList\"",\""itemListElement\"":[{\""@type\"":\""ListItem\"",\""position\"":1,\""name\"":\""Inicio\"",\""item\"":\""https://visas.com.py/\""},{\""@type\"":\""ListItem\"",\""position\"":2,\""name\"":\""Residencia en Paraguay\"",\""item\"":\""https://visas.com.py/residencia-en-paraguay/\""},{\""@type\"":\""ListItem\"",\""position\"":3,\""name\"":\""Residencia temporal\"",\""item\"":\""https://visas.com.py/residencia-en-paraguay/temporal/\""}]},{\""@type\"":\""FAQPage\"",\""mainEntity\"":[{\""@type\"":\""Question\"",\""name\"":\""¿Este sitio gestiona mi solicitud?\"",\""acceptedAnswer\"":{\""@type\"":\""Answer\"",\""text\"":\""No. Este es un sitio independiente de información con enlaces oficiales. La solicitud y las decisiones corresponden a las autoridades competentes.\""}},{\""@type\"":\""Question\"",\""name\"":\""¿Cómo puedo hacer una consulta?\"",\""acceptedAnswer\"":{\""@type\"":\""Answer\"",\""text\"":\""Escribí por WhatsApp con tu destino y una consulta general. No envíes pasaportes, contraseñas ni datos de pago.\""}}]},{\""@type\"":\""WebPage\"",\""name\"":\""Residencia temporal en Paraguay: preparación del trámite\"",\""description\"":\""Consultá las instrucciones de residencia temporal de Migraciones para tu situación..\"",\""url\"":\""https://visas.com.py/residencia-en-paraguay/temporal/\"",\""inLanguage\"":\""es\""}]}""]",32,https://visas.com.py/residencia-en-paraguay/temporal/ | https://visas.com.py/ | https://visas.com.py/visa-americana/ | https://visas.com.py/visa-americana/turista/ | https://visas.com.py/visa-americana/renovacion/ | https://visas.com.py/visa-americana/estudiante/ | https://visas.com.py/visa-americana/trabajo/ | https://visas.com.py/visa-americana/entrevista/ | https://visas.com.py/visa-americana/denegada/ | https://visas.com.py/visa-canada/ | https://visas.com.py/visa-espana/ | https://visas.com.py/visa-australia/ | https://visas.com.py/work-and-travel/ | https://visas.com.py/residencia-en-paraguay/ | https://visas.com.py/residencia-en-paraguay/permanente/ | https://visas.com.py/residencia-en-paraguay/requisitos/ | https://visas.com.py/en/residency-in-paraguay/ | https://visas.com.py/guias/ | https://visas.com.py/guias/requisitos-visa-americana-paraguay/ | https://visas.com.py/guias/como-llenar-el-ds-160/ | https://visas.com.py/guias/preguntas-entrevista-visa-americana/ | https://visas.com.py/guias/visa-americana-denegada-214b/ | https://visas.com.py/guias/embajada-de-estados-unidos-en-paraguay/ | https://visas.com.py/guias/migraciones-paraguay/ | https://visas.com.py/guias/cuanto-cuesta-la-visa-americana/ | https://visas.com.py/guias/requisitos-para-viajar-a-espana-desde-paraguay/ | https://visas.com.py/guias/checklist-visa-americana/ | https://visas.com.py/contacto/ | https://visas.com.py/en/ | https://visas.com.py/preguntas-frecuentes/ | https://visas.com.py/nosotros/ | https://visas.com.py/privacidad/,6,True
https://visas.com.py/residencia-en-paraguay/requisitos/,https://visas.com.py/residencia-en-paraguay/requisitos/,200,,Requisitos de residencia en Paraguay: qué consultar,Una lista orientativa no reemplaza las instrucciones de Migraciones.,https://visas.com.py/residencia-en-paraguay/requisitos/,,,Requisitos de residencia en Paraguay: qué consultar,1,"[""{\""@context\"":\""https://schema.org\"",\""@graph\"":[{\""@type\"":\""Organization\"",\""@id\"":\""https://visas.com.py/#organization\"",\""name\"":\""visas.com.py\"",\""url\"":\""https://visas.com.py/\"",\""logo\"":\""https://visas.com.py/assets/img/favicon.svg?v=e13daab3a1\""},{\""@type\"":\""BreadcrumbList\"",\""itemListElement\"":[{\""@type\"":\""ListItem\"",\""position\"":1,\""name\"":\""Inicio\"",\""item\"":\""https://visas.com.py/\""},{\""@type\"":\""ListItem\"",\""position\"":2,\""name\"":\""Residencia en Paraguay\"",\""item\"":\""https://visas.com.py/residencia-en-paraguay/\""},{\""@type\"":\""ListItem\"",\""position\"":3,\""name\"":\""Requisitos de residencia\"",\""item\"":\""https://visas.com.py/residencia-en-paraguay/requisitos/\""}]},{\""@type\"":\""FAQPage\"",\""mainEntity\"":[{\""@type\"":\""Question\"",\""name\"":\""¿Este sitio gestiona mi solicitud?\"",\""acceptedAnswer\"":{\""@type\"":\""Answer\"",\""text\"":\""No. Este es un sitio independiente de información con enlaces oficiales. La solicitud y las decisiones corresponden a las autoridades competentes.\""}},{\""@type\"":\""Question\"",\""name\"":\""¿Cómo puedo hacer una consulta?\"",\""acceptedAnswer\"":{\""@type\"":\""Answer\"",\""text\"":\""Escribí por WhatsApp con tu destino y una consulta general. No envíes pasaportes, contraseñas ni datos de pago.\""}}]},{\""@type\"":\""WebPage\"",\""name\"":\""Requisitos de residencia en Paraguay: qué consultar\"",\""description\"":\""Una lista orientativa no reemplaza las instrucciones de Migraciones.\"",\""url\"":\""https://visas.com.py/residencia-en-paraguay/requisitos/\"",\""inLanguage\"":\""es\""}]}""]",32,https://visas.com.py/residencia-en-paraguay/requisitos/ | https://visas.com.py/ | https://visas.com.py/visa-americana/ | https://visas.com.py/visa-americana/turista/ | https://visas.com.py/visa-americana/renovacion/ | https://visas.com.py/visa-americana/estudiante/ | https://visas.com.py/visa-americana/trabajo/ | https://visas.com.py/visa-americana/entrevista/ | https://visas.com.py/visa-americana/denegada/ | https://visas.com.py/visa-canada/ | https://visas.com.py/visa-espana/ | https://visas.com.py/visa-australia/ | https://visas.com.py/work-and-travel/ | https://visas.com.py/residencia-en-paraguay/ | https://visas.com.py/residencia-en-paraguay/permanente/ | https://visas.com.py/residencia-en-paraguay/temporal/ | https://visas.com.py/en/residency-in-paraguay/ | https://visas.com.py/guias/ | https://visas.com.py/guias/requisitos-visa-americana-paraguay/ | https://visas.com.py/guias/como-llenar-el-ds-160/ | https://visas.com.py/guias/preguntas-entrevista-visa-americana/ | https://visas.com.py/guias/visa-americana-denegada-214b/ | https://visas.com.py/guias/embajada-de-estados-unidos-en-paraguay/ | https://visas.com.py/guias/migraciones-paraguay/ | https://visas.com.py/guias/cuanto-cuesta-la-visa-americana/ | https://visas.com.py/guias/requisitos-para-viajar-a-espana-desde-paraguay/ | https://visas.com.py/guias/checklist-visa-americana/ | https://visas.com.py/contacto/ | https://visas.com.py/en/ | https://visas.com.py/preguntas-frecuentes/ | https://visas.com.py/nosotros/ | https://visas.com.py/privacidad/,6,True
https://visas.com.py/guias/embajada-de-estados-unidos-en-paraguay/,https://visas.com.py/guias/embajada-de-estados-unidos-en-paraguay/,200,,Embajada de Estados Unidos en Paraguay: guía de citas,"Cómo orientar tu consulta de visa a la Embajada de Estados Unidos en Paraguay. Citas oficiales y preparación privada, con roles claros.",https://visas.com.py/guias/embajada-de-estados-unidos-en-paraguay/,,,Embajada de Estados Unidos en Paraguay: citas y preparación,1,"[""{\""@context\"":\""https://schema.org\"",\""@graph\"":[{\""@type\"":\""Organization\"",\""@id\"":\""https://visas.com.py/#organization\"",\""name\"":\""visas.com.py\"",\""url\"":\""https://visas.com.py/\"",\""logo\"":\""https://visas.com.py/assets/img/favicon.svg?v=e13daab3a1\""},{\""@type\"":\""BreadcrumbList\"",\""itemListElement\"":[{\""@type\"":\""ListItem\"",\""position\"":1,\""name\"":\""Inicio\"",\""item\"":\""https://visas.com.py/\""},{\""@type\"":\""ListItem\"",\""position\"":2,\""name\"":\""Guías\"",\""item\"":\""https://visas.com.py/guias/\""},{\""@type\"":\""ListItem\"",\""position\"":3,\""name\"":\""Embajada de Estados Unidos en Paraguay\"",\""item\"":\""https://visas.com.py/guias/embajada-de-estados-unidos-en-paraguay/\""}]},{\""@type\"":\""Article\"",\""headline\"":\""Embajada de Estados Unidos en Paraguay: citas y preparación\"",\""description\"":\""Cómo orientar tu consulta de visa a la Embajada de Estados Unidos en Paraguay. Citas oficiales y preparación privada, con roles claros.\"",\""mainEntityOfPage\"":\""https://visas.com.py/guias/embajada-de-estados-unidos-en-paraguay/\"",\""inLanguage\"":\""es\"",\""dateModified\"":\""2026-09-19\"",\""author\"":{\""@type\"":\""Organization\"",\""@id\"":\""https://visas.com.py/#organization\"",\""name\"":\""visas.com.py\""},\""publisher\"":{\""@id\"":\""https://visas.com.py/#organization\""}}]}""]",32,https://visas.com.py/guias/embajada-de-estados-unidos-en-paraguay/ | https://visas.com.py/ | https://visas.com.py/visa-americana/ | https://visas.com.py/visa-americana/turista/ | https://visas.com.py/visa-americana/renovacion/ | https://visas.com.py/visa-americana/estudiante/ | https://visas.com.py/visa-americana/trabajo/ | https://visas.com.py/visa-americana/entrevista/ | https://visas.com.py/visa-americana/denegada/ | https://visas.com.py/visa-canada/ | https://visas.com.py/visa-espana/ | https://visas.com.py/visa-australia/ | https://visas.com.py/work-and-travel/ | https://visas.com.py/residencia-en-paraguay/ | https://visas.com.py/residencia-en-paraguay/permanente/ | https://visas.com.py/residencia-en-paraguay/temporal/ | https://visas.com.py/residencia-en-paraguay/requisitos/ | https://visas.com.py/en/residency-in-paraguay/ | https://visas.com.py/guias/ | https://visas.com.py/guias/requisitos-visa-americana-paraguay/ | https://visas.com.py/guias/como-llenar-el-ds-160/ | https://visas.com.py/guias/preguntas-entrevista-visa-americana/ | https://visas.com.py/guias/visa-americana-denegada-214b/ | https://visas.com.py/guias/migraciones-paraguay/ | https://visas.com.py/guias/cuanto-cuesta-la-visa-americana/ | https://visas.com.py/guias/requisitos-para-viajar-a-espana-desde-paraguay/ | https://visas.com.py/guias/checklist-visa-americana/ | https://visas.com.py/contacto/ | https://visas.com.py/en/ | https://visas.com.py/preguntas-frecuentes/ | https://visas.com.py/nosotros/ | https://visas.com.py/privacidad/,6,True
https://visas.com.py/guias/migraciones-paraguay/,https://visas.com.py/guias/migraciones-paraguay/,200,,Migraciones Paraguay: guía para preparar tu residencia,"Qué consultar a Migraciones Paraguay sobre residencia temporal, permanente y requisitos. Ordená tu radicación sin asumir condiciones.",https://visas.com.py/guias/migraciones-paraguay/,,,Migraciones Paraguay: prepará tu consulta de residencia,1,"[""{\""@context\"":\""https://schema.org\"",\""@graph\"":[{\""@type\"":\""Organization\"",\""@id\"":\""https://visas.com.py/#organization\"",\""name\"":\""visas.com.py\"",\""url\"":\""https://visas.com.py/\"",\""logo\"":\""https://visas.com.py/assets/img/favicon.svg?v=e13daab3a1\""},{\""@type\"":\""BreadcrumbList\"",\""itemListElement\"":[{\""@type\"":\""ListItem\"",\""position\"":1,\""name\"":\""Inicio\"",\""item\"":\""https://visas.com.py/\""},{\""@type\"":\""ListItem\"",\""position\"":2,\""name\"":\""Guías\"",\""item\"":\""https://visas.com.py/guias/\""},{\""@type\"":\""ListItem\"",\""position\"":3,\""name\"":\""Migraciones Paraguay\"",\""item\"":\""https://visas.com.py/guias/migraciones-paraguay/\""}]},{\""@type\"":\""Article\"",\""headline\"":\""Migraciones Paraguay: prepará tu consulta de residencia\"",\""description\"":\""Qué consultar a Migraciones Paraguay sobre residencia temporal, permanente y requisitos. Ordená tu radicación sin asumir condiciones.\"",\""mainEntityOfPage\"":\""https://visas.com.py/guias/migraciones-paraguay/\"",\""inLanguage\"":\""es\"",\""dateModified\"":\""2026-09-19\"",\""author\"":{\""@type\"":\""Organization\"",\""@id\"":\""https://visas.com.py/#organization\"",\""name\"":\""visas.com.py\""},\""publisher\"":{\""@id\"":\""https://visas.com.py/#organization\""}}]}""]",32,https://visas.com.py/guias/migraciones-paraguay/ | https://visas.com.py/ | https://visas.com.py/visa-americana/ | https://visas.com.py/visa-americana/turista/ | https://visas.com.py/visa-americana/renovacion/ | https://visas.com.py/visa-americana/estudiante/ | https://visas.com.py/visa-americana/trabajo/ | https://visas.com.py/visa-americana/entrevista/ | https://visas.com.py/visa-americana/denegada/ | https://visas.com.py/visa-canada/ | https://visas.com.py/visa-espana/ | https://visas.com.py/visa-australia/ | https://visas.com.py/work-and-travel/ | https://visas.com.py/residencia-en-paraguay/ | https://visas.com.py/residencia-en-paraguay/permanente/ | https://visas.com.py/residencia-en-paraguay/temporal/ | https://visas.com.py/residencia-en-paraguay/requisitos/ | https://visas.com.py/en/residency-in-paraguay/ | https://visas.com.py/guias/ | https://visas.com.py/guias/requisitos-visa-americana-paraguay/ | https://visas.com.py/guias/como-llenar-el-ds-160/ | https://visas.com.py/guias/preguntas-entrevista-visa-americana/ | https://visas.com.py/guias/visa-americana-denegada-214b/ | https://visas.com.py/guias/embajada-de-estados-unidos-en-paraguay/ | https://visas.com.py/guias/cuanto-cuesta-la-visa-americana/ | https://visas.com.py/guias/requisitos-para-viajar-a-espana-desde-paraguay/ | https://visas.com.py/guias/checklist-visa-americana/ | https://visas.com.py/contacto/ | https://visas.com.py/en/ | https://visas.com.py/preguntas-frecuentes/ | https://visas.com.py/nosotros/ | https://visas.com.py/privacidad/,6,True
https://visas.com.py/en/paraguay-visa/,https://visas.com.py/en/paraguay-visa/,200,,Paraguay visa: entry advice in English | visas.com.py,"Entry requirements depend on your passport, purpose and circumstances.",https://visas.com.py/en/paraguay-visa/,,,Paraguay visa: check your route before you travel,1,"[""{\""@context\"":\""https://schema.org\"",\""@graph\"":[{\""@type\"":\""Organization\"",\""@id\"":\""https://visas.com.py/#organization\"",\""name\"":\""visas.com.py\"",\""url\"":\""https://visas.com.py/\"",\""logo\"":\""https://visas.com.py/assets/img/favicon.svg?v=e13daab3a1\""},{\""@type\"":\""BreadcrumbList\"",\""itemListElement\"":[{\""@type\"":\""ListItem\"",\""position\"":1,\""name\"":\""Home\"",\""item\"":\""https://visas.com.py/en/\""},{\""@type\"":\""ListItem\"",\""position\"":2,\""name\"":\""Paraguay entry visa\"",\""item\"":\""https://visas.com.py/en/paraguay-visa/\""}]},{\""@type\"":\""FAQPage\"",\""mainEntity\"":[{\""@type\"":\""Question\"",\""name\"":\""Does this website process my application?\"",\""acceptedAnswer\"":{\""@type\"":\""Answer\"",\""text\"":\""No. This is an independent information website with links to official instructions. Applications and decisions remain with the competent authorities.\""}},{\""@type\"":\""Question\"",\""name\"":\""How can I ask a question?\"",\""acceptedAnswer\"":{\""@type\"":\""Answer\"",\""text\"":\""Use WhatsApp for a general question. Do not send passports, passwords or payment details.\""}}]},{\""@type\"":\""WebPage\"",\""name\"":\""Paraguay visa: check your route before you travel\"",\""description\"":\""Entry requirements depend on your passport, purpose and circumstances.\"",\""url\"":\""https://visas.com.py/en/paraguay-visa/\"",\""inLanguage\"":\""en\""}]}""]",8,https://visas.com.py/en/paraguay-visa/ | https://visas.com.py/en/ | https://visas.com.py/en/us-visa-from-paraguay/ | https://visas.com.py/en/canada-visa-from-paraguay/ | https://visas.com.py/en/residency-in-paraguay/ | https://visas.com.py/en/contact/ | https://visas.com.py/ | https://visas.com.py/en/privacy/,6,True
https://visas.com.py/en/us-visa-from-paraguay/,https://visas.com.py/en/us-visa-from-paraguay/,200,,US visa from Paraguay: English help | visas.com.py,"Understand the DS-160, application fee, appointment instructions and interview for a US visa application from Paraguay..",https://visas.com.py/en/us-visa-from-paraguay/,es=https://visas.com.py/visa-americana/turista/ | en=https://visas.com.py/en/us-visa-from-paraguay/ | x-default=https://visas.com.py/visa-americana/turista/,,Apply for a US visa from Paraguay with clear preparation,1,"[""{\""@context\"":\""https://schema.org\"",\""@graph\"":[{\""@type\"":\""Organization\"",\""@id\"":\""https://visas.com.py/#organization\"",\""name\"":\""visas.com.py\"",\""url\"":\""https://visas.com.py/\"",\""logo\"":\""https://visas.com.py/assets/img/favicon.svg?v=e13daab3a1\""},{\""@type\"":\""BreadcrumbList\"",\""itemListElement\"":[{\""@type\"":\""ListItem\"",\""position\"":1,\""name\"":\""Home\"",\""item\"":\""https://visas.com.py/en/\""},{\""@type\"":\""ListItem\"",\""position\"":2,\""name\"":\""US visa from Paraguay\"",\""item\"":\""https://visas.com.py/en/us-visa-from-paraguay/\""}]},{\""@type\"":\""FAQPage\"",\""mainEntity\"":[{\""@type\"":\""Question\"",\""name\"":\""Does this website process my application?\"",\""acceptedAnswer\"":{\""@type\"":\""Answer\"",\""text\"":\""No. This is an independent information website with links to official instructions. Applications and decisions remain with the competent authorities.\""}},{\""@type\"":\""Question\"",\""name\"":\""How can I ask a question?\"",\""acceptedAnswer\"":{\""@type\"":\""Answer\"",\""text\"":\""Use WhatsApp for a general question. Do not send passports, passwords or payment details.\""}}]},{\""@type\"":\""WebPage\"",\""name\"":\""Apply for a US visa from Paraguay with clear preparation\"",\""description\"":\""Understand the DS-160, application fee, appointment instructions and interview for a US visa application from Paraguay..\"",\""url\"":\""https://visas.com.py/en/us-visa-from-paraguay/\"",\""inLanguage\"":\""en\""}]}""]",8,https://visas.com.py/en/us-visa-from-paraguay/ | https://visas.com.py/en/ | https://visas.com.py/en/paraguay-visa/ | https://visas.com.py/en/canada-visa-from-paraguay/ | https://visas.com.py/en/residency-in-paraguay/ | https://visas.com.py/en/contact/ | https://visas.com.py/ | https://visas.com.py/en/privacy/,6,True
https://visas.com.py/en/canada-visa-from-paraguay/,https://visas.com.py/en/canada-visa-from-paraguay/,200,,Canada visa from Paraguay: English advice | visas.com.py,A visit and a study plan have different requirements.,https://visas.com.py/en/canada-visa-from-paraguay/,es=https://visas.com.py/visa-canada/ | en=https://visas.com.py/en/canada-visa-from-paraguay/ | x-default=https://visas.com.py/visa-canada/,,Canada visa from Paraguay: prepare for your purpose,1,"[""{\""@context\"":\""https://schema.org\"",\""@graph\"":[{\""@type\"":\""Organization\"",\""@id\"":\""https://visas.com.py/#organization\"",\""name\"":\""visas.com.py\"",\""url\"":\""https://visas.com.py/\"",\""logo\"":\""https://visas.com.py/assets/img/favicon.svg?v=e13daab3a1\""},{\""@type\"":\""BreadcrumbList\"",\""itemListElement\"":[{\""@type\"":\""ListItem\"",\""position\"":1,\""name\"":\""Home\"",\""item\"":\""https://visas.com.py/en/\""},{\""@type\"":\""ListItem\"",\""position\"":2,\""name\"":\""Canada visa from Paraguay\"",\""item\"":\""https://visas.com.py/en/canada-visa-from-paraguay/\""}]},{\""@type\"":\""FAQPage\"",\""mainEntity\"":[{\""@type\"":\""Question\"",\""name\"":\""Does this website process my application?\"",\""acceptedAnswer\"":{\""@type\"":\""Answer\"",\""text\"":\""No. This is an independent information website with links to official instructions. Applications and decisions remain with the competent authorities.\""}},{\""@type\"":\""Question\"",\""name\"":\""How can I ask a question?\"",\""acceptedAnswer\"":{\""@type\"":\""Answer\"",\""text\"":\""Use WhatsApp for a general question. Do not send passports, passwords or payment details.\""}}]},{\""@type\"":\""WebPage\"",\""name\"":\""Canada visa from Paraguay: prepare for your purpose\"",\""description\"":\""A visit and a study plan have different requirements.\"",\""url\"":\""https://visas.com.py/en/canada-visa-from-paraguay/\"",\""inLanguage\"":\""en\""}]}""]",8,https://visas.com.py/en/canada-visa-from-paraguay/ | https://visas.com.py/en/ | https://visas.com.py/en/paraguay-visa/ | https://visas.com.py/en/us-visa-from-paraguay/ | https://visas.com.py/en/residency-in-paraguay/ | https://visas.com.py/en/contact/ | https://visas.com.py/ | https://visas.com.py/en/privacy/,6,True
https://visas.com.py/en/residency-in-paraguay/,https://visas.com.py/en/residency-in-paraguay/,200,,Residency in Paraguay: where to start | visas.com.py,"Find the Paraguay Residency Guide for residency, citizenship and living in Paraguay. Contact visas.com.py for entry, US or Canada visa preparation.",https://visas.com.py/en/residency-in-paraguay/,es=https://visas.com.py/residencia-en-paraguay/ | en=https://visas.com.py/en/residency-in-paraguay/ | x-default=https://visas.com.py/residencia-en-paraguay/,,Residency in Paraguay: start with the guide,1,"[""{\""@context\"":\""https://schema.org\"",\""@graph\"":[{\""@type\"":\""Organization\"",\""@id\"":\""https://visas.com.py/#organization\"",\""name\"":\""visas.com.py\"",\""url\"":\""https://visas.com.py/\"",\""logo\"":\""https://visas.com.py/assets/img/favicon.svg?v=e13daab3a1\""},{\""@type\"":\""BreadcrumbList\"",\""itemListElement\"":[{\""@type\"":\""ListItem\"",\""position\"":1,\""name\"":\""Home\"",\""item\"":\""https://visas.com.py/en/\""},{\""@type\"":\""ListItem\"",\""position\"":2,\""name\"":\""Residency in Paraguay\"",\""item\"":\""https://visas.com.py/en/residency-in-paraguay/\""}]},{\""@type\"":\""WebPage\"",\""name\"":\""Residency in Paraguay: where to start | visas.com.py\"",\""url\"":\""https://visas.com.py/en/residency-in-paraguay/\"",\""inLanguage\"":\""en\""}]}""]",8,https://visas.com.py/en/residency-in-paraguay/ | https://visas.com.py/en/ | https://visas.com.py/en/paraguay-visa/ | https://visas.com.py/en/us-visa-from-paraguay/ | https://visas.com.py/en/canada-visa-from-paraguay/ | https://visas.com.py/en/contact/ | https://visas.com.py/ | https://visas.com.py/en/privacy/,5,True
https://visas.com.py/en/,https://visas.com.py/en/,200,,Visa help in Paraguay | visas.com.py,"Visa advice in English: entry to Paraguay, US and Canada applications from Paraguay, and a separate guide for residency questions.",https://visas.com.py/en/,es=https://visas.com.py/ | en=https://visas.com.py/en/ | x-default=https://visas.com.py/,,"Your visa plans, clearly prepared.",1,"[""{\""@context\"":\""https://schema.org\"",\""@graph\"":[{\""@type\"":\""Organization\"",\""@id\"":\""https://visas.com.py/#organization\"",\""name\"":\""visas.com.py\"",\""url\"":\""https://visas.com.py/\"",\""logo\"":\""https://visas.com.py/assets/img/favicon.svg?v=e13daab3a1\""},{\""@type\"":\""BreadcrumbList\"",\""itemListElement\"":[{\""@type\"":\""ListItem\"",\""position\"":1,\""name\"":\""Home\"",\""item\"":\""https://visas.com.py/en/\""},{\""@type\"":\""ListItem\"",\""position\"":2,\""name\"":\""Visa help in Paraguay\"",\""item\"":\""https://visas.com.py/en/\""}]},{\""@type\"":\""WebPage\"",\""name\"":\""Visa help in Paraguay | visas.com.py\"",\""url\"":\""https://visas.com.py/en/\"",\""inLanguage\"":\""en\""}]}""]",8,https://visas.com.py/en/ | https://visas.com.py/en/paraguay-visa/ | https://visas.com.py/en/us-visa-from-paraguay/ | https://visas.com.py/en/canada-visa-from-paraguay/ | https://visas.com.py/en/residency-in-paraguay/ | https://visas.com.py/en/contact/ | https://visas.com.py/ | https://visas.com.py/en/privacy/,5,True
https://visas.com.py/en/contact/,https://visas.com.py/en/contact/,200,,Contact us for visa advice | visas.com.py,Tell us about your destination and visa enquiry. Leave your phone number or contact us on WhatsApp for advice in English.,https://visas.com.py/en/contact/,es=https://visas.com.py/contacto/ | en=https://visas.com.py/en/contact/ | x-default=https://visas.com.py/contacto/,,Tell us about your travel plans.,1,"[""{\""@context\"":\""https://schema.org\"",\""@graph\"":[{\""@type\"":\""Organization\"",\""@id\"":\""https://visas.com.py/#organization\"",\""name\"":\""visas.com.py\"",\""url\"":\""https://visas.com.py/\"",\""logo\"":\""https://visas.com.py/assets/img/favicon.svg?v=e13daab3a1\""},{\""@type\"":\""BreadcrumbList\"",\""itemListElement\"":[{\""@type\"":\""ListItem\"",\""position\"":1,\""name\"":\""Home\"",\""item\"":\""https://visas.com.py/en/\""},{\""@type\"":\""ListItem\"",\""position\"":2,\""name\"":\""Contact\"",\""item\"":\""https://visas.com.py/en/contact/\""}]},{\""@type\"":\""WebPage\"",\""name\"":\""Contact us for visa advice | visas.com.py\"",\""url\"":\""https://visas.com.py/en/contact/\"",\""inLanguage\"":\""en\""}]}""]",8,https://visas.com.py/en/contact/ | https://visas.com.py/en/ | https://visas.com.py/en/paraguay-visa/ | https://visas.com.py/en/us-visa-from-paraguay/ | https://visas.com.py/en/canada-visa-from-paraguay/ | https://visas.com.py/en/residency-in-paraguay/ | https://visas.com.py/ | https://visas.com.py/en/privacy/,5,True
https://visas.com.py/guias/cuanto-cuesta-la-visa-americana/,https://visas.com.py/guias/cuanto-cuesta-la-visa-americana/,200,,Cuánto cuesta la visa americana desde Paraguay,"Conocé el arancel MRV, cómo se paga y qué gastos separar al preparar tu visa americana desde Paraguay, sin confundir asesoría con decisión.",https://visas.com.py/guias/cuanto-cuesta-la-visa-americana/,,,Cuánto cuesta la visa americana: ordená tu presupuesto,1,"[""{\""@context\"":\""https://schema.org\"",\""@graph\"":[{\""@type\"":\""Organization\"",\""@id\"":\""https://visas.com.py/#organization\"",\""name\"":\""visas.com.py\"",\""url\"":\""https://visas.com.py/\"",\""logo\"":\""https://visas.com.py/assets/img/favicon.svg?v=e13daab3a1\""},{\""@type\"":\""BreadcrumbList\"",\""itemListElement\"":[{\""@type\"":\""ListItem\"",\""position\"":1,\""name\"":\""Inicio\"",\""item\"":\""https://visas.com.py/\""},{\""@type\"":\""ListItem\"",\""position\"":2,\""name\"":\""Guías\"",\""item\"":\""https://visas.com.py/guias/\""},{\""@type\"":\""ListItem\"",\""position\"":3,\""name\"":\""Cuánto cuesta la visa americana\"",\""item\"":\""https://visas.com.py/guias/cuanto-cuesta-la-visa-americana/\""}]},{\""@type\"":\""Article\"",\""headline\"":\""Cuánto cuesta la visa americana: ordená tu presupuesto\"",\""description\"":\""Conocé el arancel MRV, cómo se paga y qué gastos separar al preparar tu visa americana desde Paraguay, sin confundir asesoría con decisión.\"",\""mainEntityOfPage\"":\""https://visas.com.py/guias/cuanto-cuesta-la-visa-americana/\"",\""inLanguage\"":\""es\"",\""dateModified\"":\""2026-09-19\"",\""author\"":{\""@type\"":\""Organization\"",\""@id\"":\""https://visas.com.py/#organization\"",\""name\"":\""visas.com.py\""},\""publisher\"":{\""@id\"":\""https://visas.com.py/#organization\""}}]}""]",32,https://visas.com.py/guias/cuanto-cuesta-la-visa-americana/ | https://visas.com.py/ | https://visas.com.py/visa-americana/ | https://visas.com.py/visa-americana/turista/ | https://visas.com.py/visa-americana/renovacion/ | https://visas.com.py/visa-americana/estudiante/ | https://visas.com.py/visa-americana/trabajo/ | https://visas.com.py/visa-americana/entrevista/ | https://visas.com.py/visa-americana/denegada/ | https://visas.com.py/visa-canada/ | https://visas.com.py/visa-espana/ | https://visas.com.py/visa-australia/ | https://visas.com.py/work-and-travel/ | https://visas.com.py/residencia-en-paraguay/ | https://visas.com.py/residencia-en-paraguay/permanente/ | https://visas.com.py/residencia-en-paraguay/temporal/ | https://visas.com.py/residencia-en-paraguay/requisitos/ | https://visas.com.py/en/residency-in-paraguay/ | https://visas.com.py/guias/ | https://visas.com.py/guias/requisitos-visa-americana-paraguay/ | https://visas.com.py/guias/como-llenar-el-ds-160/ | https://visas.com.py/guias/preguntas-entrevista-visa-americana/ | https://visas.com.py/guias/visa-americana-denegada-214b/ | https://visas.com.py/guias/embajada-de-estados-unidos-en-paraguay/ | https://visas.com.py/guias/migraciones-paraguay/ | https://visas.com.py/guias/requisitos-para-viajar-a-espana-desde-paraguay/ | https://visas.com.py/guias/checklist-visa-americana/ | https://visas.com.py/contacto/ | https://visas.com.py/en/ | https://visas.com.py/preguntas-frecuentes/ | https://visas.com.py/nosotros/ | https://visas.com.py/privacidad/,6,True
https://visas.com.py/guias/requisitos-para-viajar-a-espana-desde-paraguay/,https://visas.com.py/guias/requisitos-para-viajar-a-espana-desde-paraguay/,200,,Requisitos para viajar a España desde Paraguay,"Turismo en España con pasaporte paraguayo: cómo preparar tu plan de regreso, alojamiento y medios, y cuándo consultar por una larga estadía.",https://visas.com.py/guias/requisitos-para-viajar-a-espana-desde-paraguay/,,,Requisitos para viajar a España desde Paraguay,1,"[""{\""@context\"":\""https://schema.org\"",\""@graph\"":[{\""@type\"":\""Organization\"",\""@id\"":\""https://visas.com.py/#organization\"",\""name\"":\""visas.com.py\"",\""url\"":\""https://visas.com.py/\"",\""logo\"":\""https://visas.com.py/assets/img/favicon.svg?v=e13daab3a1\""},{\""@type\"":\""BreadcrumbList\"",\""itemListElement\"":[{\""@type\"":\""ListItem\"",\""position\"":1,\""name\"":\""Inicio\"",\""item\"":\""https://visas.com.py/\""},{\""@type\"":\""ListItem\"",\""position\"":2,\""name\"":\""Guías\"",\""item\"":\""https://visas.com.py/guias/\""},{\""@type\"":\""ListItem\"",\""position\"":3,\""name\"":\""Requisitos para viajar a España\"",\""item\"":\""https://visas.com.py/guias/requisitos-para-viajar-a-espana-desde-paraguay/\""}]},{\""@type\"":\""Article\"",\""headline\"":\""Requisitos para viajar a España desde Paraguay\"",\""description\"":\""Turismo en España con pasaporte paraguayo: cómo preparar tu plan de regreso, alojamiento y medios, y cuándo consultar por una larga estadía.\"",\""mainEntityOfPage\"":\""https://visas.com.py/guias/requisitos-para-viajar-a-espana-desde-paraguay/\"",\""inLanguage\"":\""es\"",\""dateModified\"":\""2026-09-19\"",\""author\"":{\""@type\"":\""Organization\"",\""@id\"":\""https://visas.com.py/#organization\"",\""name\"":\""visas.com.py\""},\""publisher\"":{\""@id\"":\""https://visas.com.py/#organization\""}}]}""]",32,https://visas.com.py/guias/requisitos-para-viajar-a-espana-desde-paraguay/ | https://visas.com.py/ | https://visas.com.py/visa-americana/ | https://visas.com.py/visa-americana/turista/ | https://visas.com.py/visa-americana/renovacion/ | https://visas.com.py/visa-americana/estudiante/ | https://visas.com.py/visa-americana/trabajo/ | https://visas.com.py/visa-americana/entrevista/ | https://visas.com.py/visa-americana/denegada/ | https://visas.com.py/visa-canada/ | https://visas.com.py/visa-espana/ | https://visas.com.py/visa-australia/ | https://visas.com.py/work-and-travel/ | https://visas.com.py/residencia-en-paraguay/ | https://visas.com.py/residencia-en-paraguay/permanente/ | https://visas.com.py/residencia-en-paraguay/temporal/ | https://visas.com.py/residencia-en-paraguay/requisitos/ | https://visas.com.py/en/residency-in-paraguay/ | https://visas.com.py/guias/ | https://visas.com.py/guias/requisitos-visa-americana-paraguay/ | https://visas.com.py/guias/como-llenar-el-ds-160/ | https://visas.com.py/guias/preguntas-entrevista-visa-americana/ | https://visas.com.py/guias/visa-americana-denegada-214b/ | https://visas.com.py/guias/embajada-de-estados-unidos-en-paraguay/ | https://visas.com.py/guias/migraciones-paraguay/ | https://visas.com.py/guias/cuanto-cuesta-la-visa-americana/ | https://visas.com.py/guias/checklist-visa-americana/ | https://visas.com.py/contacto/ | https://visas.com.py/en/ | https://visas.com.py/preguntas-frecuentes/ | https://visas.com.py/nosotros/ | https://visas.com.py/privacidad/,6,True
https://visas.com.py/guias/checklist-visa-americana/,https://visas.com.py/guias/checklist-visa-americana/,200,,Checklist visa americana: lista para imprimir,"Imprimí una lista para ordenar pasaporte, DS-160, cita, comprobante de pago y respaldos de vínculos antes de tu entrevista de visa americana.",https://visas.com.py/guias/checklist-visa-americana/,,,Checklist de visa americana para imprimir y revisar,1,"[""{\""@context\"":\""https://schema.org\"",\""@graph\"":[{\""@type\"":\""Organization\"",\""@id\"":\""https://visas.com.py/#organization\"",\""name\"":\""visas.com.py\"",\""url\"":\""https://visas.com.py/\"",\""logo\"":\""https://visas.com.py/assets/img/favicon.svg?v=e13daab3a1\""},{\""@type\"":\""BreadcrumbList\"",\""itemListElement\"":[{\""@type\"":\""ListItem\"",\""position\"":1,\""name\"":\""Inicio\"",\""item\"":\""https://visas.com.py/\""},{\""@type\"":\""ListItem\"",\""position\"":2,\""name\"":\""Guías\"",\""item\"":\""https://visas.com.py/guias/\""},{\""@type\"":\""ListItem\"",\""position\"":3,\""name\"":\""Checklist de visa americana\"",\""item\"":\""https://visas.com.py/guias/checklist-visa-americana/\""}]},{\""@type\"":\""Article\"",\""headline\"":\""Checklist de visa americana para imprimir y revisar\"",\""description\"":\""Imprimí una lista para ordenar pasaporte, DS-160, cita, comprobante de pago y respaldos de vínculos antes de tu entrevista de visa americana.\"",\""mainEntityOfPage\"":\""https://visas.com.py/guias/checklist-visa-americana/\"",\""inLanguage\"":\""es\"",\""dateModified\"":\""2026-09-19\"",\""author\"":{\""@type\"":\""Organization\"",\""@id\"":\""https://visas.com.py/#organization\"",\""name\"":\""visas.com.py\""},\""publisher\"":{\""@id\"":\""https://visas.com.py/#organization\""}}]}""]",32,https://visas.com.py/guias/checklist-visa-americana/ | https://visas.com.py/ | https://visas.com.py/visa-americana/ | https://visas.com.py/visa-americana/turista/ | https://visas.com.py/visa-americana/renovacion/ | https://visas.com.py/visa-americana/estudiante/ | https://visas.com.py/visa-americana/trabajo/ | https://visas.com.py/visa-americana/entrevista/ | https://visas.com.py/visa-americana/denegada/ | https://visas.com.py/visa-canada/ | https://visas.com.py/visa-espana/ | https://visas.com.py/visa-australia/ | https://visas.com.py/work-and-travel/ | https://visas.com.py/residencia-en-paraguay/ | https://visas.com.py/residencia-en-paraguay/permanente/ | https://visas.com.py/residencia-en-paraguay/temporal/ | https://visas.com.py/residencia-en-paraguay/requisitos/ | https://visas.com.py/en/residency-in-paraguay/ | https://visas.com.py/guias/ | https://visas.com.py/guias/requisitos-visa-americana-paraguay/ | https://visas.com.py/guias/como-llenar-el-ds-160/ | https://visas.com.py/guias/preguntas-entrevista-visa-americana/ | https://visas.com.py/guias/visa-americana-denegada-214b/ | https://visas.com.py/guias/embajada-de-estados-unidos-en-paraguay/ | https://visas.com.py/guias/migraciones-paraguay/ | https://visas.com.py/guias/cuanto-cuesta-la-visa-americana/ | https://visas.com.py/guias/requisitos-para-viajar-a-espana-desde-paraguay/ | https://visas.com.py/contacto/ | https://visas.com.py/en/ | https://visas.com.py/preguntas-frecuentes/ | https://visas.com.py/nosotros/ | https://visas.com.py/privacidad/,6,True
https://visas.com.py/en/privacy/,https://visas.com.py/en/privacy/,200,,Privacy of your enquiry | visas.com.py,"How visas.com.py handles enquiry information, delivery, retention and requests about your data.",https://visas.com.py/en/privacy/,es=https://visas.com.py/privacidad/ | en=https://visas.com.py/en/privacy/ | x-default=https://visas.com.py/privacidad/,,Privacy of your enquiry.,1,"[""{\""@context\"":\""https://schema.org\"",\""@graph\"":[{\""@type\"":\""Organization\"",\""@id\"":\""https://visas.com.py/#organization\"",\""name\"":\""visas.com.py\"",\""url\"":\""https://visas.com.py/\"",\""logo\"":\""https://visas.com.py/assets/img/favicon.svg?v=e13daab3a1\""},{\""@type\"":\""BreadcrumbList\"",\""itemListElement\"":[{\""@type\"":\""ListItem\"",\""position\"":1,\""name\"":\""Home\"",\""item\"":\""https://visas.com.py/en/\""},{\""@type\"":\""ListItem\"",\""position\"":2,\""name\"":\""Privacy\"",\""item\"":\""https://visas.com.py/en/privacy/\""}]},{\""@type\"":\""WebPage\"",\""name\"":\""Privacy of your enquiry | visas.com.py\"",\""url\"":\""https://visas.com.py/en/privacy/\"",\""inLanguage\"":\""en\""}]}""]",8,https://visas.com.py/en/privacy/ | https://visas.com.py/en/ | https://visas.com.py/en/paraguay-visa/ | https://visas.com.py/en/us-visa-from-paraguay/ | https://visas.com.py/en/canada-visa-from-paraguay/ | https://visas.com.py/en/residency-in-paraguay/ | https://visas.com.py/en/contact/ | https://visas.com.py/,4,True
